"Drift.Time..days.","Alt1a_11_H","Column7","Column8","Alt1a_11_M","Column9","Column10","Alt1a_11_L","Column11","Column12","Alt1a_85_H","Column19","Column20","Alt1a_85_M","Column21","Column22","Alt1a_85_L","Column23","Column24","Alt1a_75_H","Column43","Column44","Alt1a_75_M","Column45","Column46","Alt1a_75_L","Column47","Column48","Alt1a_68_H","Column49","Column50","Alt1a_68_M","Column51","Column52","Alt1a_68_L","Column53","Column54"
NA,"ITU","CTU","% Retained","ITU","CTU","% Retained","ITU","CTU","% Retained","ITU","CTU","% Retained","ITU","CTU","% Retained","ITU","CTU","% Retained","ITU","CTU","% Retained","ITU","CTU","% Retained","ITU","CTU","% Retained","ITU","CTU","% Retained","ITU","CTU","% Retained","ITU","CTU","% Retained"
0.25,"2.5352679728357","2.5352679728357","1","1.69802884698981","1.69802884698981","1","1.56312614217858","1.56312614217858","1","1.59568897501585","1.59568897501585","1","1.45817024620117","1.45817024620117","1","1.30367269980739","1.30367269980739","1","2.48605125092704","2.48605125092704","1","2.32301894351961","2.32301894351961","1","2.11671335150195","2.11671335150195","1","1.86856513146476","1.86856513146476","1","1.68036354446935","1.68036354446935","1","1.67910012031825","1.67910012031825","1"
0.375,"2.55287366660745","5.08814163944315","1","1.73060872127099","3.4286375682608","1","1.598004376906","3.16113051908458","1","1.61134960727684","3.20703858229268","1","1.476688441417","2.93485868761817","1","1.32537188468555","2.62904458449294","1","2.51234983159432","4.99840108252137","1","2.35134928889575","4.67436823241536","1","2.14753840327754","4.26425175477949","1","1.9451628372928","3.81372796875756","1","1.75945517327841","3.43981871774777","1","1.75584018087124","3.43494030118949","1"
0.5,"2.5979633013697","7.68610494081285","1","1.78855982474613","5.21719739300693","1","1.65792700466534","4.81905752374992","1","1.69707530502783","4.90411388732051","1","1.56604104473874","4.50089973235691","1","1.41875421873612","4.04779880322906","1","2.55480331629519","7.55320439881656","1","2.39684709973566","7.07121533215102","1","2.19677189382909","6.46102364860858","1","2.02311317021993","5.83684113897749","1","1.83978146182205","5.27960017956981","1","1.83404896360908","5.26898926479857","1"
0.625,"2.66795216134183","10.3540571021547","1","1.86730886327859","7.08450625628552","1","1.73798315556619","6.55704067931611","1","1.74417172476231","6.64828561208283","1","1.61608447471689","6.1169842070738","1","1.47205736621791","5.51985616944698","1","2.59339657906027","10.1466009778768","1","2.43827899884234","9.50949433099336","1","2.2416830852436","8.70270673385218","1","2.0869412874725","7.92378242644998","1","1.90636321829153","7.18596339786135","1","1.89961389356555","7.16860315836412","1"
0.75,"2.73493409619767","13.0889911983523","1","1.94309570214334","9.02760195842886","1","1.81503421021808","8.37207488953419","1","1.80259261526578","8.45087822734861","1","1.67652825936806","7.79351246644185","1","1.5347501091674","7.05460627861438","1","2.63600944172331","12.7826104196001","1","2.48342230907009","11.9929166400635","1","2.28993888536855","10.9926456192207","1","2.14735677834355","10.0711392047935","1","1.96869772334242","9.15466112120377","1","1.96258798423702","9.13119114260114","1"
0.875,"2.77148606451852","15.8604772628709","1","1.98929998492608","11.0169019433549","1","1.86264439060246","10.2347192801367","1","1.8107041529769","10.2615823803255","1","1.68642549783685","9.4799379642787","1","1.5466458993119","8.60125217792628","1","2.65536423621096","15.4379746558111","1","2.50474254766641","14.4976591877299","1","2.31366979139289","13.3063154106136","1","2.15864149447089","12.2297806992644","1","1.98254917339998","11.1372102946037","1","1.9785221041403","11.1097132467414","1"
1,"2.79301605950806","18.6534933223789","1","2.02190501161821","13.0388069549731","1","1.89689358556739","12.131612865704","1","1.811837332535","12.0734197128605","1","1.68940813003352","11.1693460943122","1","1.55173950412091","10.1529916820472","1","2.63850783189383","18.0764824877049","1","2.48992658959838","16.9875857773283","1","2.30134768064999","15.6076630912636","1","2.14628371289287","14.3760644121573","1","1.97317055854833","13.1103808531521","1","1.97003903753272","13.0797522842742","1"
1.125,"2.81227360615539","21.4657669285343","1","2.05283771838633","15.0916446733595","1","1.92957615424011","14.0611890199442","1","1.8113017420448","13.8847214549053","1","1.69078580379859","12.8601318981108","1","1.5552939375044","11.7082856195516","1","2.61509062457731","20.6915731122822","1","2.46884740972626","19.4564331870545","1","2.28312358345336","17.890786674717","1","2.1279083488707","16.503972761028","1","1.95782825823867","15.0682091113908","1","1.95353711584328","15.0332894001174","1"
1.25,"2.83438099965801","24.3001479281923","1","2.08675178246469","17.1783964558242","1","1.96525976599325","16.0264487859374","1","1.80676527037325","15.6914867252786","1","1.68795445116316","14.548086349274","1","1.55438359874903","13.2626692183006","1","2.59658857010674","23.288161682389","1","2.45283683808677","21.9092700251413","1","2.27016103292766","20.1609477076446","1","2.11409507213486","18.6180678331629","1","1.9473767905842","17.0155859019749","1","1.94118883377772","16.9744782338952","1"
1.375,"2.8819634681378","27.1821113963301","1","2.14740838735781","19.325804843182","1","2.02775898245761","18.054207768395","1","1.81099907779134","17.5024858030699","1","1.69396830460535","16.2420546538793","1","1.56239279352597","14.8250620118266","1","2.65346496310756","25.9416266454965","1","2.51203681901357","24.4213068441548","1","2.332254430776","22.4932021384206","1","2.15242556290512","20.770493396068","1","1.98843825469653","19.0040241566715","1","1.9811638929766","18.9556421268718","1"
1.5,"2.97277757669787","30.154888973028","1","2.25324975434586","21.5790545975278","1","2.13540982352354","20.1896175919186","1","1.87927399440812","19.381759797478","1","1.76493456548099","18.0069892193603","1","1.63635197170624","16.4614139835328","1","2.74908094650516","28.6907075920017","1","2.60989318949781","27.0312000336527","1","2.43333058402996","24.9265327224506","1","2.17751088400612","22.9480042800741","1","2.01645141184876","21.0204755685202","1","2.0067311973102","20.962373324182","1"
1.625,"3.06942223006111","33.2243112030891","1","2.36656314574298","23.9456177432708","1","2.25125419765605","22.4408717895746","1","1.91222146124944","21.2939812587275","1","1.8009433172796","19.8079325366399","1","1.67577580406863","18.1371897876015","1","2.84953726444527","31.540244856447","1","2.71335125275191","29.7445512864046","1","2.54140828270317","27.4679410051538","1","2.23597241862252","25.1839766986966","1","2.0784088327006","23.0988844012208","1","2.0638863291866","23.0262596533686","1"
1.75,"3.14077760386409","36.3650888069532","1","2.45392647583881","26.3995442191096","1","2.34099312438457","24.7818649139592","1","1.93814259213734","23.2321238508648","1","1.82943941415353","21.6373719507934","1","1.70714948093515","19.8443392685366","1","2.93336043020006","34.473605286647","1","2.80130760615685","32.5458588925614","1","2.6324019431432","30.100342948297","1","2.29373572961624","27.4777124283129","1","2.13951451503385","25.2383989162547","1","2.1202781045886","25.1465377579572","1"
1.875,"3.16745024970577","39.532539056659","1","2.49369228538737","28.893236504497","1","2.38275766650498","27.1646225804642","1","1.96202922620215","25.194153077067","1","1.85489339143089","23.4922653422243","1","1.73439495060914","21.5787342191458","1","2.94962747738148","37.4232327640285","1","2.81940943107347","35.3652683236349","1","2.65328593279005","32.753628881087","1","2.30837986199751","29.7860922903104","1","2.15641118410043","27.3948101003551","1","2.13410045512088","27.280638213078","1"
2,"3.16814811747982","42.7006871741388","1","2.50563722167383","31.3988737261708","1","2.39642936680191","29.5610519472661","1","1.9521284487162","27.1462815257831","1","1.84721709792753","25.3394824401519","1","1.72942981209123","23.308164031237","1","2.93061659522511","40.3538493592536","1","2.80204968598377","38.1673180096186","1","2.63844068438099","35.392069565468","1","2.29405765039261","32.080149940703","1","2.14397368337864","29.5387837837338","1","2.12007589067962","29.4007141037577","1"
2.125,"3.16678954358651","45.8674767177253","1","2.51509989737411","33.9139736235449","1","2.40756258137405","31.9686145286401","1","1.93450815013031","29.0807896759135","1","1.83158846188308","27.1710709020349","1","1.71621187425022","25.0243759054872","1","2.90977586011623","43.2636252193698","1","2.78298913999567","40.9503071496143","1","2.62120016300524","38.0132697284732","1","2.27862966810325","34.3587796088062","1","2.13049982030064","31.6692836040344","1","2.10544195628789","31.5061560600456","1"
2.25,"3.16430783307632","49.0317845508016","1","2.5231050333653","36.4370786569102","1","2.41719152070348","34.3858060493436","1","1.92216315425223","31.0029528301657","1","1.82169026276708","28.992761164802","1","1.70872519259038","26.7331010980776","1","2.89057705824328","46.1542022776131","1","2.76555441621848","43.7158615658328","1","2.60593293196461","40.6192026604379","1","2.26534855895704","36.6241281677633","1","2.11905244025906","33.7883360442935","1","2.0930288810541","33.5991849410997","1"
2.375,"3.17794890372231","52.2097334545239","1","2.54613386221525","38.9832125191255","1","2.44166179983823","36.8274678491818","1","1.95800653671131","32.960959366877","1","1.85966065864452","30.8524218234465","1","1.74900801906232","28.4821091171399","1","2.9187889684786","49.0729912460917","1","2.79584776096482","46.5117093267976","1","2.63881602155477","43.2580186819926","1","2.25366869018076","38.877796857944","1","2.10928659431114","35.8976226386046","1","2.0831531120674","35.6823380531671","1"
2.5,"3.23276908052866","55.4425025350526","1","2.60853903655356","41.5917515556791","1","2.5052204053145","39.3326882544963","1","2.03218981696823","34.9931491838452","1","1.93574623394065","32.7881680573872","1","1.82715946761466","30.3092685847546","1","2.99065041847078","52.0636416645625","1","2.86997933844174","49.3816886652394","1","2.71576074556939","45.973779427562","1","2.29808941935143","41.1758862772955","1","2.15609411020809","38.0537167488127","1","2.13025869314592","37.812596746313","1"
2.625,"3.31902518411759","58.7615277191702","1","2.70213738197764","44.2938889376567","1","2.59990093529163","41.9325891897879","1","2.11683203163763","37.1099812154829","1","2.02234197120091","34.8105100285881","1","1.91586926950141","32.225137854256","1","3.07679660935811","55.1404382739206","1","2.95812444952069","52.33981311476","1","2.80648033578102","48.780259763343","1","2.30289590642999","43.4787821837255","1","2.16560824766846","40.2193249964811","1","2.10638577044071","39.9189825167537","1"
2.75,"3.38556634511379","62.147094064284","1","2.77951161506649","47.0734005527232","1","2.67795186511807","44.610541054906","1","2.18465458359727","39.2946357990801","1","2.09207453013524","36.9025845587233","1","1.98771249624539","34.2128503505014","1","3.15071272837713","58.2911510022977","1","3.03423552616171","55.3740486409218","1","2.88532171436299","51.665581477706","1","2.29265404383595","45.7714362275614","1","2.15805535287969","42.3773803493608","1","2.09749988224288","42.0164823989966","1"
2.875,"3.39912546904228","65.5462195333262","1","2.81228193410687","49.88568248683","1","2.70592907008093","47.3164701249869","1","2.19684954132223","41.4914853404024","1","2.10552584035961","39.0081103990829","1","2.0025609538549","36.2154113043563","1","3.16783670218886","61.4589877044866","1","3.05312406635524","58.427172707277","1","2.90640976625467","54.5719912439607","1","2.27029114563761","48.041727373199","1","2.13846085321485","44.5158412025757","1","2.07642234863614","44.0929047476327","1"
3,"3.36745041596686","68.9136699492931","1","2.81949380097762","52.7051762878077","1","2.69306516434946","50.0095352893364","1","2.17920780010259","43.6706931405049","1","2.08942215125906","41.097532550342","1","1.98816959853257","38.2035809028888","1","3.15321543041578","64.6122031349024","1","3.03955283884079","61.4667255461178","1","2.89434867791616","57.4663399218769","1","2.24861562904224","50.2903430022413","1","2.11896479064883","46.6348059932245","1","2.05596913206616","46.1488738796989","1"
3.125,"3.31847253003636","72.2321424793295","1","2.82483352236546","55.5300098101731","1","2.66403084788891","52.6735661372253","1","2.16156355947701","45.832256699982","1","2.0731967998695","43.1707293502115","1","1.97352911393124","40.1771100168201","1","3.1328967470171","67.7450998819195","1","3.01816937674197","64.4848949228598","1","2.87621885471851","60.3425587765954","1","2.22311454955435","52.5134575517956","1","2.0958601397741","48.7306661329986","1","2.0329665814788","48.1818404611777","1"
3.25,"3.28688913943312","75.5190316187626","1","2.83977246162318","58.3697822717963","1","2.64808209110083","55.3216482283261","1","2.15298606609174","47.9852427660737","1","2.06592496714084","45.2366543173523","1","1.96771779404215","42.1448278108622","1","3.10175142858796","70.8468513105074","1","2.96778137280933","67.4526762956691","1","2.84177406952765","63.184332846123","1","2.20194788238394","54.7154054341796","1","2.07653325947204","50.8071993924707","1","2.01249190022422","50.1943323614019","1"
3.375,"3.30696232132944","78.825993940092","0.999999999999925","2.88775987199043","61.2575421437867","0.999999999999925","2.68128947878576","58.0029377071119","0.999999999999925","2.20217138183606","50.1874141479097","1","2.11664144162629","47.3532957589786","1","2.02014486168994","44.1649726725522","1","3.13141810844715","73.9782694189546","1","2.91632466105557","70.3690009567246","1","2.84828328426279","66.0326161303858","1","2.18928139557692","56.9046868297565","1","2.06535401080233","52.872553403273","1","1.99465833478699","52.1889906961889","1"
3.5,"3.37654070943974","82.2025346495317","0.999999999986546","2.97266723543638","64.2302093792231","0.999999999986546","2.76383742617654","60.7667751332884","0.999999999986546","2.28940403364038","52.4768181815501","1","2.20600102707266","49.5592967860513","1","2.11187302518548","46.2768456977376","1","3.18429331871197","77.1625627376665","1","2.81718920150095","73.1861901582256","1","2.85489860933411","68.8875147397199","1","2.19721983133371","59.1019066610902","1","2.0739958795028","54.9465492827758","1","1.98957821047716","54.178568906666","1"
3.625,"3.45832523222576","85.6608598817575","0.999999998965354","3.06380048308038","67.2940098623035","0.999999998965354","2.85714423281628","63.6239193661047","0.999999998965354","2.35940654150426","54.8362247230544","1","2.27855348798357","51.8378502740349","1","2.18726257064852","48.4641082683862","1","3.21647301484802","80.3790357525146","1","2.74189675158576","75.9280869098114","1","2.83811282876403","71.725627568484","1","2.21753188692273","61.3194385480129","1","2.09339243937959","57.0399417221554","1","1.99463898498541","56.1732078916515","1"
3.75,"3.53450284070366","89.1953627224612","0.999999960478384","3.15107542477392","70.4450852870774","0.999999960478384","2.94918399400242","66.5731033601071","0.999999960478384","2.4220598443918","57.2582845674462","1","2.3439692987807","54.1818195728156","1","2.25575815576074","50.7198664241469","1","3.20827181550017","83.5873075680147","0.999999999999986","2.88610601730034","78.8141929271117","0.999999999999986","2.80234464552081","74.5279722140048","0.999999999999986","2.32106010376335","63.6404986517762","1","2.17121393538314","59.2111556575385","1","2.06134505833192","58.2345529499834","1"
3.875,"3.53450284070366","92.7298655631648","0.999999161273992","3.15107542477392","73.5961607118513","0.999999161273992","2.94918399400242","69.5222873541096","0.999999161273992","2.4220598443918","59.680344411838","1","2.3439692987807","56.5257888715963","1","2.25575815576074","52.9756245799076","1","3.20827181550017","86.7955793835149","0.999999999998456","2.88610601730034","81.7002989444121","0.999999999998456","2.80234464552081","77.3303168595256","0.999999999998456","2.32106010376335","65.9615587555396","0.999999999999994","2.17121393538314","61.3823695929217","0.999999999999994","2.06134505833192","60.2958980083153","0.999999999999994"
4,"3.53168871259947","96.2615542757643","0.999989177189034","3.1513546865684","76.7475153984198","0.999989177189034","2.95089014514364","72.4731774992532","0.999989177189034","2.39801235232605","62.078356764164","1","2.31863445437765","58.8444233259739","1","2.22895609740354","55.2045806773112","1","3.1710410314155","89.9666204149304","0.999999999911663","2.94320784196226","84.6435067863743","0.999999999911663","2.77442919168469","80.1047460512103","0.999999999911663","2.39550136280069","68.3570601183403","0.999999999998914","2.21755838867442","63.5999279815961","0.999999999998914","2.10374280944842","62.3996408177637","0.999999999998967"
4.125,"3.52492255242247","99.7864768281867","0.999908492115263","3.14744815407644","79.8949635524962","0.999908492115263","2.94838164235678","75.42155914161","0.999908492115263","2.38047423089077","64.4588309950548","0.999999999999997","2.29377782003217","61.1382011460061","0.999999999999997","2.19585541741931","57.4004360947305","0.999999999999997","3.12923685447826","93.0958572694087","0.99999999713816","2.94451768869253","87.5880244750668","0.99999999713816","2.74436778632169","82.8491138375319","0.99999999713816","2.47047748135046","70.8275375996907","0.999999999906117","2.263773623336","65.8637016049321","0.999999999906117","2.1410566617759","64.5406974795396","0.999999999910646"
4.25,"3.52263682925578","103.309113657443","0.999460187452835","3.14886483058437","83.0438283830806","0.999460187452835","2.95169528997481","78.3732544315848","0.999460187452835","2.37953855378233","66.8383695488371","0.999999999999672","2.27871788437535","63.4169190303814","0.999999999999672","2.16489989775782","59.5653359924883","0.999999999999672","3.0893667772181","96.1852240466268","0.999999943221433","2.91941271144488","90.5074371865117","0.999999943221433","2.71418443717455","85.5632982747065","0.999999943221433","2.53967543192053","73.3672130316113","0.999999995608103","2.30992797967171","68.1736295846038","0.999999995608103","2.17362298744102","66.7143204669806","0.999999995813115"
4.375,"3.53955350976081","106.848667167203","0.997655376005799","3.17014902292213","86.2139774060027","0.997655376005799","2.97526298787357","81.3485174194584","0.997655376005799","2.42446470466126","69.2628342534984","0.999999999979224","2.30569555801533","65.7226145883968","0.99999999997922","2.17164335264388","61.7369793451322","0.99999999997922","3.05584730964612","99.2410713562729","0.999999263321188","2.89114812533492","93.3985853118466","0.999999263321188","2.68761614330189","88.2509144180084","0.999999263321188","2.59989728482943","75.9671103164407","0.999999879773624","2.35796960899546","70.5315991935992","0.999999879773624","2.20636991270751","68.9206903796882","0.999999885124264"
4.5,"3.58206079104333","110.430727958247","0.99213729433829","3.21711097367246","89.4310883796752","0.99213729433829","3.0245740393984","84.3730914588568","0.99213729433829","2.49652975183918","71.7593640053376","0.999999999215521","2.36162303576895","68.0842376241657","0.999999999215391","2.20929875528218","63.9462781004144","0.999999999215391","3.07735038760741","102.31842174388","0.999993392001635","2.91625712625905","96.3148424381057","0.999993392001635","2.71616502351303","90.9670794415214","0.999993392001635","2.6435621047847","78.6106724212254","0.999997942941979","2.39884742049432","72.9304466140936","0.999997942941979","2.23318414645673","71.1538745261449","0.999998029602231"
4.625,"3.63426223925326","114.0649901975","0.978800850599985","3.27325080290287","92.704339182578","0.978800850599985","3.08281646447233","87.4559079233291","0.978800850599985","2.57186729847474","74.3312313038123","0.999999981126225","2.4271792784905","70.5114169026562","0.999999981123465","2.2636387897853","66.2099168901997","0.999999981123465","3.14909953249827","105.467521276379","0.999956979775347","2.99092794502904","99.3057703831347","0.999956979775347","2.79405234943093","93.7611317909523","0.999956979775347","2.68900514759228","81.2996775688177","0.999976735335966","2.44554518236181","75.3759917964554","0.999976735335966","2.26629707979508","73.42017160594","0.999977661071482"
4.75,"3.67435067118112","117.739340868681","0.952428603481257","3.31696513285668","96.0213043154347","0.952428603481257","3.1284867635622","90.5843946868913","0.952428603481257","2.61933705011745","76.9505683539298","0.999999694460067","2.47223405596385","72.9836509586201","0.999999694420939","2.30568477314182","68.5156016633415","0.999999694420939","3.21764878163718","108.685170058016","0.999787894497626","3.06270379827577","102.368474181411","0.999787894497626","2.8695290763242","96.6306608672765","0.999787894497626","2.73922182875402","84.0388993975717","0.999817391641096","2.49871684622418","77.8747086426796","0.999817391641096","2.30493625906247","75.7251078650024","0.999824198733664"
4.875,"3.6896622139603","121.429003082641","0.908453573791192","3.33604100946991","99.3573453249046","0.908453573791192","3.14959228693234","93.7339869738237","0.908453573791192","2.59285614805593","79.5434245019857","0.999996523185796","2.44752172320615","75.4311726818262","0.999996522795203","2.28271013415343","70.7983117974949","0.999996522795203","3.24185053231501","111.927020590331","0.999177861456068","3.08919377329101","105.457667954702","0.999177861456068","2.89863464700761","99.5292955142841","0.999177861456068","2.76469472943503","86.8035941270067","0.998962453694377","2.5263649368049","80.4010735794844","0.998962453694377","2.31778471491145","78.0428925799139","0.998997644849469"
5,"3.69107090558896","125.12007398823","0.844974653609165","3.3412204315831","102.698565756488","0.844974653609165","3.15680640336605","96.8907933771897","0.844974653609165","2.51758238898772","82.0610068909734","0.999971143922493","2.37575343470446","77.8069261165307","0.999971141092958","2.21474911621265","73.0130609137076","0.999971141092958","3.21553197984061","115.142552570171","0.997410923416349","3.06536142442402","108.523029379126","0.997410923416349","2.8776826561876","102.406978170472","0.997410923416349","2.74345593202709","89.5470500590338","0.995569706088162","2.50741093129551","82.90848451078","0.995569706088162","2.28640998036979","80.3293025602837","0.99570165098214"
5.125,"3.69152765350534","128.811601641736","0.763818615721172","3.34527420627997","106.043839962768","0.763818615721172","3.16280948152926","100.053602858719","0.763818615721172","2.42932405004649","84.4903309410199","0.999819548757035","2.29296607095805","80.0998921874887","0.999819533385999","2.13800997866802","75.1510708923756","0.999819533385999","3.18574770564388","118.328300275815","0.993179701983066","3.03824530728686","111.561274686412","0.993179701983066","2.85371120999883","105.260689380471","0.993179701983066","2.72213157632057","92.2691816353544","0.985285673863335","2.48777607510699","85.3962605858869","0.985285673863335","2.25577238700104","82.5850749472847","0.985660331370243"
5.25,"3.69371204650814","132.505313688244","0.670144122643586","3.35076765556466","109.394607618332","0.670144122643586","3.17010742856983","103.223710287289","0.670144122643586","2.36185796304658","86.8521889040665","0.999124798072287","2.23174327051599","82.3316354580047","0.999124733636512","2.08373738711921","77.2348082794948","0.999124733636512","3.15963535835857","121.487935634174","0.984572385183727","3.01457897364318","114.575853660056","0.984572385183727","2.83295187668859","108.093641257159","0.984572385183727","2.70932580624825","94.9785074416026","0.960759971530995","2.47838445127236","87.8746450371593","0.960759971530995","2.23807017481348","84.8231451220982","0.961598612343306"
5.375,"3.70809677768766","136.213410465931","0.570927197578552","3.36833491312724","112.76294253146","0.570927197578552","3.18940679818124","106.41311708547","0.570927197578552","2.40130413447522","89.2534930385417","0.996621488572784","2.27811475368953","84.6097502116942","0.996621275430351","2.13783516925782","79.3726434487527","0.996621275430351","3.17332653035695","124.661262164531","0.969338157321263","3.03054294039885","117.606396600454","0.969338157321263","2.85164194142997","110.945283198589","0.969338157321263","2.77594966048653","97.7544571020892","0.913451685214352","2.54939344859416","90.4240384857535","0.913451685214352","2.29877745696763","87.1219225790658","0.91498716642542"
5.5,"3.7400866428422","139.953497108774","0.473019622748739","3.40354717121043","116.16648970267","0.473019622748739","3.22635515854877","109.639472244019","0.473019622748739","2.44978737969602","91.7032804182377","0.989369976246562","2.3337847590482","86.9435349707424","0.989369407368863","2.20153755308422","81.5741810018369","0.989369407368863","3.21554196824857","127.876804132779","0.945463859581346","3.07485463850383","120.681251238958","0.945463859581346","2.89847517637231","113.843758374961","0.945463859581346","2.82064276071434","100.575099862804","0.837729110648952","2.59993697538912","93.0239754611426","0.837729110648952","2.34335013306663","89.4652727121324","0.840098967996394"
5.625,"3.77717915953901","143.730676268313","0.38201638685032","3.44391130270835","119.610401005378","0.38201638685032","3.26846143907844","112.907933683097","0.38201638685032","2.49744108033801","94.2007214985757","0.972119385467774","2.38810859759279","89.3316435683352","0.972118125584954","2.26332619147329","83.8375071933102","0.972118125584954","3.25629175829391","131.133095891073","0.911732371678258","3.11766838216665","123.798919621125","0.911732371678258","2.94376115594573","116.787519530907","0.911732371678258","2.83491057456287","103.410010437366","0.734791492183565","2.6224639293656","95.6464393905082","0.734791492183565","2.36452417034246","91.8297968824749","0.737960291880167"
5.75,"3.80279204705126","147.533468315364","0.301478225786587","3.47276378824772","123.083164793626","0.301478225786587","3.29902179162384","116.206955474721","0.301478225786587","2.51766600568286","96.7183875042586","0.93777102162525","2.41392776342164","91.7455713317569","0.937768681141276","2.29543623542354","86.1329434287337","0.937768681141276","3.29212507192576","134.425220962999","0.868055253822406","3.15547436764189","126.954393988767","0.868055253822406","2.98391558847227","119.771435119379","0.868055253822406","2.84610301971948","106.256113457086","0.613498593316365","2.64211265121299","98.2885520417212","0.613498593316365","2.38424947085218","94.2140463533271","0.617248488996265"
5.875,"3.81079024050067","151.344258555865","0.23317096402644","3.48363366647931","126.566798460105","0.23317096402644","3.3114030524643","119.518358527185","0.23317096402644","2.49695506577651","99.2153425700351","0.879562896229769","2.39764133403739","94.1432126657943","0.879559154826424","2.28414867833137","88.4170921070651","0.879559154826424","3.29873527639221","137.723956239391","0.815453973556887","3.16367923032395","130.118073219091","0.815453973556887","2.9940109607422","122.765446080122","0.815453973556887","2.84106174274089","109.097175199827","0.487340313414978","2.64169947044601","100.930251512167","0.487340313414978","2.38441700600786","96.5984633593349","0.491333157448496"
6,"3.81067309030778","155.154931646172","0.177228486924665","3.48615097388854","130.052949433994","0.177228486924665","3.315305647242","122.833664174427","0.177228486924665","2.45030115536926","101.665643725404","0.79435407049402","2.35407424453891","96.4972869103332","0.794348969979339","2.24409962035967","90.6611917274247","0.794348969979339","3.28349994836241","141.007456187754","0.755857994692054","3.15016120757447","133.268234426665","0.755857994692054","2.98253674612911","125.747982826251","0.755857994692054","2.81550970963451","111.912684909461","0.36944867121847","2.61920272239348","103.549454234561","0.36944867121847","2.36380299597007","98.962266355305","0.373352618752967"
6.125,"3.81107736940031","158.966009015573","0.132726895050306","3.48908191185435","133.542031345848","0.132726895050306","3.3195641407576","126.153228315185","0.132726895050306","2.40658970547973","104.072233430884","0.685152975486366","2.31313203110386","98.810418941437","0.685146787842504","2.20633879191852","92.8675305193433","0.685146787842504","3.26616193688275","144.273618124636","0.691745965388465","3.13450968152708","136.402744108192","0.691745965388465","2.96889799302269","128.716880819273","0.691745965388465","2.78798168268327","114.700666592145","0.268934843101538","2.59505316500394","106.144507399565","0.268934843101538","2.34200129180977","101.304267647115","0.272488897761283"
6.25,"3.81185939621742","162.77786841179","0.0981576722184891","3.49197469259164","137.03400603844","0.0981576722184891","3.32358095608699","129.476809271272","0.0981576722184891","2.40155097976411","106.473784410648","0.561154433001846","2.31070319254122","101.121122133978","0.561147776962223","2.20691577845091","95.0744462977942","0.561147776962223","3.25677777734197","147.530395901978","0.625715561891787","3.12655633999154","139.529300448184","0.625715561891787","2.96265955543884","131.679540374712","0.625715561891787","2.76230869152956","117.462975283674","0.189534626993481","2.57268565905352","108.717193058618","0.189534626993481","2.3219689109987","103.626236558113","0.19260447962077"
6.375,"3.81718633237829","166.595054744168","0.0718348792687389","3.49921487173433","140.533220910174","0.0718348792687389","3.33185066477982","132.808659936052","0.0718348792687389","2.53149724877251","109.005281659421","0.435120186733975","2.44340750317746","103.564529637156","0.435113762626584","2.3427971912463","97.4172434890405","0.435113762626584","3.29038695913869","150.820782861117","0.560114138205208","3.16136888036269","142.690669328546","0.560114138205208","2.99893003210052","134.678470406813","0.560114138205208","2.77550492296521","120.238480206639","0.130607257976909","2.58838831303935","111.305581371657","0.130607257976909","2.33747211252081","105.963708670634","0.13316384354834"
6.5,"3.82957020253087","170.424624946699","0.052150359450657","3.51343492382447","144.046655833999","0.052150359450657","3.34706594784493","136.155725883897","0.052150359450657","2.64896604957515","111.654247708996","0.31946192779946","2.56445434675046","106.128983983906","0.319456297330317","2.46793738973555","99.885180878776","0.319456297330317","3.33242383098246","154.1532066921","0.496885052104116","3.20515596408717","145.895825292634","0.496885052104116","3.04483823713335","137.723308643946","0.496885052104116","2.8191095250009","123.05758973164","0.0890485857189147","2.63541239795638","113.940993769614","0.0890485857189147","2.38273001321031","108.346438683845","0.0911405910409804"
6.625,"3.8461001311995","174.270725077899","0.0376386645919654","3.53174675413837","147.578402588137","0.0376386645919654","3.36634831745174","139.522074201348","0.0376386645919654","2.74671766622947","114.400965375225","0.222452168004551","2.66480564080981","108.793789624716","0.222447639050048","2.57127345344045","102.456454332216","0.222447639050048","3.36510096535574","157.518307657455","0.437460391382363","3.23978939902649","149.13561469166","0.437460391382363","3.08184794642939","140.805156590376","0.437460391382363","2.83657052178744","125.894160253428","0.0609182925335557","2.65657310843342","116.597566878047","0.0609182925335557","2.4038772872788","110.750315971123","0.0626318889656682"
6.75,"3.86251845581656","178.133243533715","0.0270568058369492","3.54980259363772","151.128205181775","0.0270568058369492","3.38530280047377","142.907377001822","0.0270568058369492","2.82977775519238","117.230743130418","0.147532844309727","2.74990770287241","111.543697327588","0.147529490829112","2.65874691555813","105.115201247775","0.147529490829112","3.38544816107136","160.903755818527","0.382739657446611","3.26165572835479","152.397270420015","0.382739657446611","3.10557388171531","143.910730472091","0.382739657446611","2.84158179214994","128.735742045578","0.0424746065594692","2.6645876074618","119.262154485509","0.0424746065594692","2.41243683082017","113.162752801944","0.043903708407645"
6.875,"3.86896833472383","182.002211868439","0.0194036938992392","3.5581242700782","154.686329451853","0.0194036938992392","3.39463538239516","146.302012384217","0.0194036938992392","2.85809183794554","120.088834968363","0.0937329879820717","2.7794032478523","114.323100575441","0.0937306780999311","2.68964364087475","107.804844888649","0.0937306780999311","3.3903284663694","164.294084284896","0.333219442318295","3.26751398376178","155.664784403777","0.333219442318295","3.11264471652538","147.023375188616","0.333219442318295","2.83414473382197","131.5698867794","0.0306774088528548","2.65970466768122","121.92185915319","0.0306774088528548","2.40877178374475","115.571524585688","0.0319046824396282"
7,"3.86393567694245","185.866147545382","0.0139036307483046","3.55516125164163","158.241490703495","0.0139036307483046","3.39277539886631","149.694787783084","0.0139036307483046","2.82745498679242","122.916289955156","0.0575683929382875","2.75002205496615","117.073122630407","0.0575668829871643","2.66174532900101","110.46659021765","0.0575668829871643","3.37785765644865","167.671941941345","0.288990843154758","3.2561997001483","158.920984103925","0.288990843154758","3.10276928552539","150.126144474142","0.288990843154758","2.81616937899146","134.386056158391","0.0232768366474548","2.64372830497653","124.565587458167","0.0232768366474548","2.39461767562524","117.966142261314","0.0243678517343199"
7.125,"3.85705805793303","189.723205603315","0.00996997278484108","3.55004446885769","161.791535172352","0.00996997278484108","3.38860277728506","153.083390560369","0.00996997278484108","2.79137634773842","125.707666302894","0.0346446546128223","2.71515728168989","119.788279912097","0.0346437277353345","2.62830691572308","113.094897133373","0.0346437277353345","3.36222604994573","171.03416799129","0.249958932793247","3.24185354638466","162.16283765031","0.249958932793247","3.0900222804907","153.216166754632","0.249958932793247","2.80038383411484","137.186439992506","0.0187055328963216","2.62963727384374","127.195224732011","0.0187055328963216","2.38229318684761","120.348435448161","0.0197083608253392"
7.25,"3.85218130976798","193.575386913083","0.00716150685926543","3.5467512755432","165.338286447896","0.00716150685926543","3.38615888845054","156.469549448819","0.00716150685926543","2.76415428587701","128.471820588771","0.0208118659702993","2.689026887869","122.477306799966","0.0208113204848606","2.60345954699232","115.698356680366","0.0208113204848606","3.35066687523957","174.38483486653","0.215808084597749","3.23135605870737","165.394193709017","0.215808084597749","3.0808520205496","156.297018775182","0.215808084597749","2.78618852557073","139.972628518077","0.0159159035303378","2.61716982813202","129.812394560143","0.0159159035303378","2.37162999125887","122.72006543942","0.0168640491783616"
7.375,"3.85419854571525","197.429585458798","0.00515672651239391","3.55060025248606","168.888886700382","0.00515672651239391","3.39097256340998","159.860522012229","0.00515672651239391","2.80067166517233","131.272492253943","0.0127718112424224","2.72673725024371","125.204044050209","0.0127714992292842","2.6425571249548","118.340913805321","0.0127714992292842","3.36896186863362","177.753796735164","0.186124154101778","3.25061916260671","168.644812871624","0.186124154101778","3.10131960345985","159.398338378642","0.186124154101778","2.79361805128052","142.766246569357","0.014227992016499","2.62622549651457","132.438620056657","0.014227992016499","2.38128826799004","125.10135370741","0.0151435824496983"
7.5,"3.86593689450242","201.2955223533","0.00372973355726637","3.56456989651764","172.453456596899","0.00372973355726637","3.40609748037634","163.266619492606","0.00372973355726637","2.86454467860524","134.137036932549","0.00821264729088268","2.79180058840444","127.995844638614","0.0082124718652035","2.70899869519083","121.049912500511","0.0082124718652035","3.39987550575715","181.153672240921","0.160499150147815","3.28251148290921","171.927324354533","0.160499150147815","3.13442859974488","162.532766978387","0.160499150147815","2.81798287893893","145.584229448296","0.0132106134029181","2.6522586573156","135.090878713973","0.0132106134029181","2.40703763624886","127.508391343659","0.0141077657884008"
7.625,"3.88229269089581","205.177815044196","0.00271320718047705","3.5832664850202","176.036723081919","0.00271320718047705","3.4259976533728","166.692617145978","0.00271320718047705","2.92439317865246","137.061430111201","0.00564140197940903","2.85265742150942","130.848502060123","0.0056413039482018","2.77102485301914","123.820937353531","0.0056413039482018","3.43312073562499","184.586792976546","0.138491636854689","3.31668375274993","175.244008107283","0.138491636854689","3.16976232478001","165.702529303167","0.138491636854689","2.84170588876625","148.425935337062","0.0125955528877462","2.6775013826077","137.76838009658","0.0125955528877462","2.43211765761668","129.940509001276","0.013483600540068"
7.75,"3.89469010070827","209.072505144904","0.00198664914063837","3.59770102787419","179.634424109794","0.00198664914063837","3.44148200315426","170.134099149133","0.00198664914063837","2.97707673840955","140.038506849611","0.00416231231501124","2.9061195940498","133.754621654173","0.00416225479596185","2.82539556081587","126.646332914346","0.00416225479596185","3.46158323762538","188.048376214171","0.119643410880111","3.34596985270146","178.589977959984","0.119643410880111","3.20009200951522","168.902621312682","0.119643410880111","2.86492773463054","151.290863071693","0.0122187315623066","2.70229630807925","140.47067640466","0.0122187315623066","2.45686709355992","132.397376094836","0.0131037008114958"
7.875,"3.89764599289897","212.970151137803","0.00146438600541004","3.60214229735721","183.236566407151","0.00146438600541004","3.44669720534917","173.580796354482","0.00146438600541004","2.98929384512919","143.02780069474","0.00326615828554666","2.91911849405609","136.673740148229","0.00326612340993302","2.83930226695737","129.485635181304","0.00326612340993302","3.46577924515352","191.514155459325","0.103529451590594","3.3510450347335","181.941022994718","0.103529451590594","3.20628177569113","172.108903088373","0.103529451590594","2.86834537499329","154.159208446686","0.0119809776821375","2.70741632328508","143.178092727945","0.0119809776821375","2.46328753157071","134.860663626406","0.0128669581051657"
8,"3.89375121735883","216.863902355162","0.00108688575019899","3.59951525100032","186.836081658151","0.00108688575019899","3.44473363200076","177.025529986483","0.00108688575019899","2.97294343880257","146.000744133542","0.00267876440742122","2.90370799129713","139.577448139526","0.00267874130909253","2.82497145229311","132.310606633597","0.00267874130909253","3.45412396112158","194.968279420446","0.0897634078320911","3.34035860248572","185.281381597204","0.0897634078320911","3.19682183882982","175.305724927203","0.0897634078320911","2.8540671954489","157.013275642135","0.0118218975386982","2.69493742725258","145.873030155197","0.0118218975386982","2.45327400923753","137.313937635644","0.0127128444814813"
8.125,"3.88870150234403","220.752603857506","0.000812479277887882","3.59581668535713","190.431898343508","0.000812479277887882","3.44173673572521","180.467266722208","0.000812479277887882","2.95569082903581","148.956434962578","0.00225800462954353","2.88719680100069","142.464644940527","0.00225798821849667","2.80931594414805","135.119922577745","0.00225798821849667","3.44187091329864","198.410150333745","0.0780081615977133","3.32899121852818","188.610372815732","0.0780081615977133","3.18658303065616","178.492307957859","0.0780081615977133","2.83752587864533","159.85080152078","0.0117061840254828","2.68024367630021","148.553273831498","0.0117061840254828","2.44119139921067","139.755129034854","0.0126055922904793"
8.25,"3.88474451233401","224.63734836984","0.000611056991774929","3.59306310421135","194.02496144772","0.000611056991774929","3.43960926647146","183.906875988679","0.000611056991774929","2.94379803464115","151.900232997219","0.00193112935459344","2.87597947848361","145.340624419011","0.00193111723451573","2.79887858730592","137.918801165051","0.00193111723451573","3.4340850895887","201.844235423334","0.0679759297654462","3.32201500203855","191.93238781777","0.0679759297654462","3.18064569486292","181.672953652722","0.0679759297654462","2.82499444935044","162.675795970131","0.0116131903586758","2.66966271935904","151.222936550857","0.0116131903586758","2.43289378381266","142.188022818667","0.0125234078556644"
8.375,"3.88695314341167","228.524301513252","0.000461796100946065","3.59656342720885","197.621524874928","0.000461796100946065","3.44377640262452","187.350652391304","0.000461796100946065","2.95738662843689","154.857619625656","0.00166296479964378","2.89037889626999","148.231003315281","0.0016629553097048","2.81420353152674","140.733004696578","0.0016629553097048","3.45324027756826","205.297475700902","0.0594047842382669","3.34206910406258","195.274456921833","0.0594047842382669","3.20184919887037","184.874802851592","0.0594047842382669","2.83949349148332","165.515289461614","0.0115304399058435","2.6861868784019","153.909123429259","0.0115304399058435","2.45001632414314","144.63803914281","0.0124526823873182"
8.5,"3.89820308858297","232.422504601835","0.000351291382657647","3.60958196546086","201.231106840389","0.000351291382657647","3.45769458037796","190.808346971682","0.000351291382657647","2.96637400274066","157.823993628397","0.00143709149410546","2.9003074048498","151.13131072013","0.00143708382695712","2.82519763614069","143.558202332718","0.00143708382695712","3.48452947070708","208.782005171609","0.0520745944018079","3.37428236331964","198.648739285152","0.0520745944018079","3.23524512539643","188.110047976989","0.0520745944018079","2.86581006315912","168.381099524773","0.011450109633464","2.71449154689083","156.623614976149","0.011450109633464","2.47811498983171","147.116154132642","0.0123846074578685"
8.625,"3.91344544630476","236.33595004814","0.000269063654551684","3.62676672922061","204.85787356961","0.000269063654551684","3.47586193943253","194.284208911114","0.000269063654551684","2.98011088806398","160.804104516461","0.00124426048740537","2.91511844507662","154.046429165207","0.0012442542013348","2.84121533550915","146.399417668227","0.0012442542013348","3.51702354248378","212.299028714093","0.0457934984447592","3.40769151428779","202.05643079944","0.0457934984447592","3.2698265621197","191.379874539108","0.0457934984447592","2.88275390943462","171.263853434208","0.0113677635214768","2.73320493510426","159.356819911254","0.0113677635214768","2.49709722876658","149.613251361409","0.0123143365319644"
8.75,"3.92459129263472","240.260541340774","0.000207363968901939","3.63970732612077","208.497580895731","0.000207363968901939","3.48970921964041","197.773918130755","0.000207363968901939","2.97652926482907","163.78063378129","0.0010785471363431","2.91274009531221","156.959169260519","0.00107854211904219","2.84017899695201","149.239596665179","0.00107854211904219","3.54576605974997","215.844794773843","0.0404007980293568","3.4373403495343","205.493771148975","0.0404007980293568","3.30063765275568","194.680512191864","0.0404007980293568","2.89402877374293","174.157882207951","0.0112815407723151","2.74606167355605","162.10288158481","0.0112815407723151","2.51045275472568","152.123704116134","0.0122392416081708"
8.875,"3.92706885686142","244.187610197636","0.000160579360601001","3.64374464347843","212.141325539209","0.000160579360601001","3.4945344559278","201.268452586683","0.000160579360601001","2.96228857119843","166.742922352488","0.000935824757759924","2.89948474635444","159.858654006874","0.000935820464731952","2.82801813122481","152.067614796404","0.000935820464731952","3.55436857956606","219.399163353409","0.0357599713157167","3.44680775760011","208.940578906575","0.0357599713157167","3.3112158560839","197.991728047948","0.0357599713157167","2.89384083782402","177.051723045775","0.0111902191496397","2.74737922215207","164.850260806962","0.0111902191496397","2.51292999495781","154.636634111092","0.0121589745260342"
9,"3.92418915748491","248.111799355121","0.000124856734619115","3.64217394029202","215.783499479501","0.000124856734619115","3.49362432124504","204.762076907928","0.000124856734619115","2.94609814148512","169.689020493974","0.000812998694988314","2.88419928090972","162.742853287783","0.000812995160533254","2.81373210737891","154.881346903783","0.000812995160533254","3.54558471113192","222.944748064541","0.0317565797869629","3.43894466979338","212.379523576368","0.0317565797869629","3.30453139538611","201.296259443334","0.0317565797869629","2.88439789974987","179.936120945525","0.0110932341990616","2.73958813348005","167.589848940442","0.0110932341990616","2.50689563046439","157.143529741556","0.0120722772828678"
9.125,"3.92094679620156","252.032746151322","9.74614040341008e-05","3.64016581475001","219.423665294251","9.74614040341008e-05","3.49223677747225","208.2543136854","9.74614040341008e-05","2.92989768069589","172.618918174669","0.000707484548016786","2.86888015584154","165.611733443625","0.00070748158777562","2.79938219798778","157.680729101771","0.00070748158777562","3.53490943088339","226.479657495424","0.0282929892520361","3.42922237380658","215.808745950175","0.0282929892520361","3.2960258197535","204.592285263088","0.0282929892520361","2.87339849863351","182.809519444158","0.0109905718911415","2.72998630545229","170.319835245894","0.0109905718911415","2.4990600972713","159.642589838828","0.0119786898468939"
9.25,"3.91874282575657","255.951488977079","7.63076509991632e-05","3.6392704803816","223.062935774633","7.63076509991632e-05","3.49199634613081","211.746310031531","7.63076509991632e-05","2.91588045973874","175.534798634408","0.00061696889097019","2.85567345251999","168.467406896145","0.000616966351374542","2.78706251467727","160.467791616448","0.000616966351374542","3.52562016791185","230.005277663336","0.0252824903670732","3.42073771664161","219.229483666816","0.0252824903670732","3.28857599587017","207.880861258958","0.0252824903670732","2.865098413478","185.674617857636","0.0108820715630746","2.72300393439906","173.042839180293","0.0108820715630746","2.49358438161352","162.136174220441","0.0118780768514179"
9.375,"3.92185006327488","259.873339040354","5.98661045087312e-05","3.6436877176086","226.706623492241","5.98661045087312e-05","3.49706641335112","215.243376444882","5.98661045087312e-05","2.92744970149617","178.462248335904","0.000539411749587286","2.86812185427593","171.335528750421","0.000539409634105585","2.8004702576574","163.268261874106","0.000539409634105585","3.52452390012267","233.529801563459","0.0226529527174459","3.42027700585062","222.649760672667","0.0226529527174459","3.28894236066766","211.169803619625","0.0226529527174459","2.85930231070084","188.533920168337","0.0107678831173503","2.71895570656988","175.761794886863","0.0107678831173503","2.49103453110734","164.627208751549","0.0117698443911216"
9.5,"3.93128879435395","263.804627834708","4.71058786176019e-05","3.65456730977046","230.361190802012","4.71058786176019e-05","3.50866286077408","218.752039305656","4.71058786176019e-05","2.9291265119447","181.391374847849","0.000472956482763673","2.87087621222102","174.206404962642","0.00047295474048434","2.80440082146999","166.072662695576","0.00047295474048434","3.53553155317943","237.065333116638","0.0203577913588953","3.43193365152057","226.081694324187","0.0203577913588953","3.30144126546872","214.471244885094","0.0203577913588953","2.85652497967915","191.390445148016","0.010648150132762","2.71794239710331","178.479737283966","0.010648150132762","2.49133423585608","167.118542987405","0.0116535721836988"
9.625,"3.94314706867405","267.747774903382","3.7183097916049e-05","3.66803571068876","234.029226512701","3.7183097916049e-05","3.52293198511393","222.27497129077","3.7183097916049e-05","2.93537331433685","184.326748162186","0.000416070464473097","2.8781302388748","177.084535201517","0.000416068993734196","2.81274982600165","168.885412521577","0.000416068993734196","3.55871217405579","240.624045290694","0.0183515770736241","3.45576660721397","229.537460931401","0.0183515770736241","3.32611928654969","217.797364171644","0.0183515770736241","2.84966610473672","194.240111252753","0.0105236694271998","2.71277168000312","181.192508963969","0.0105236694271998","2.48770285524025","169.606245842645","0.0115303580904038"
9.75,"3.95288875061682","271.700663653998","2.94311556392826e-05","3.67945181806264","237.708678330763","2.94311556392826e-05","3.5351803081149","225.810151598885","2.94311556392826e-05","2.9429994819815","187.269747644167","0.000367589871053146","2.88663762780403","179.971172829321","0.000367588639342849","2.82220950217589","171.707622023753","0.000367588639342849","3.57072045088132","244.194765741575","0.016592023906926","3.46834122116686","233.005802152568","0.016592023906926","3.33943210719846","221.136796278842","0.016592023906926","2.84538547535197","197.085496728105","0.010394992080184","2.71004970437086","183.90255866834","0.010394992080184","2.48630145275823","172.092547295403","0.0114007488993949"
9.875,"3.95544733551901","275.656110989517","2.3341944593143e-05","3.68366542296927","241.392343753733","2.3341944593143e-05","3.54021731302477","229.350368911909","2.3341944593143e-05","2.9401744981278","190.209922142295","0.000326621245963702","2.88445779090159","182.855630620222","0.000326620171434149","2.82071480702588","174.528336830779","0.000326620171434149","3.56856509778425","247.763330839359","0.0150405599467162","3.46687567424658","236.472677826815","0.0150405599467162","3.33885343337116","224.475649712214","0.0150405599467162","2.84646534999323","199.931962078098","0.0102624209534395","2.71248538592453","186.615044054265","0.0102624209534395","2.48967364480262","174.582220940206","0.0112647542927461"
10,"3.95348608726279","279.60959707678","1.8541133977602e-05","3.68343519848084","245.075778952213","1.8541133977602e-05","3.540848833529","232.891217745438","1.8541133977602e-05","2.92428197604166","193.134204118337","0.000292317417202715","2.86919947298394","185.724830093206","0.00029231652525083","2.80612691914642","177.334463749925","0.00029231652525083","3.56118060146659","251.324511440826","0.0136670332048107","3.46024358590441","239.932921412719","0.0136670332048107","3.33318268520452","227.808832397418","0.0136670332048107","2.83570436704495","202.767666445143","0.0101262476135268","2.70291015865147","189.317954212916","0.0101262476135268","2.48172271798591","177.063943658192","0.0111228054624375"
10.125,"3.95205026612319","283.561647342903","1.47527968111436e-05","3.6837251183671","248.759504070581","1.47527968111436e-05","3.54199836679815","236.433216112237","1.47527968111436e-05","2.90655195637746","196.040756074714","0.000263811539096091","2.85210332536448","188.576933418571","0.000263810774601012","2.78969877252552","180.124162522451","0.000263810774601012","3.55236638318598","254.876877824012","0.0124481634725639","3.45214939994301","243.385070812662","0.0124481634725639","3.32600786784674","231.134840265265","0.0124481634725639","2.82248869348944","205.590155138632","0.00998675324627055","2.6909105779595","192.008864790876","0.00998675324627055","2.47151720092526","179.535460859117","0.0109750330888047"
10.25,"3.9518708439286","287.513518186832","1.1751055895474e-05","3.68525390262677","252.444757973207","1.1751055895474e-05","3.54437779942736","239.977593911664","1.1751055895474e-05","2.89925689420231","198.940012968917","0.000240155740770945","2.84533167699521","191.422265095566","0.000240155067075413","2.78346952828039","182.907632050731","0.000240155067075413","3.54455572195174","258.421433545964","0.0113609175607066","3.44496876595001","246.830039578612","0.0113609175607066","3.31963478524866","234.454475050513","0.0113609175607066","2.81253457931963","208.402689717952","0.00984394216938751","2.68203785889147","194.690902649767","0.00984394216938751","2.46417498741553","181.999635846532","0.0108217489577203"
10.375,"3.95588431827858","291.469402505111","9.36340399953569e-06","3.69118156600995","256.135939539217","9.36340399953569e-06","3.55125922211269","243.528853133777","9.36340399953569e-06","2.92609923279072","201.866112201707","0.000220436575874386","2.8727021092239","194.29496720479","0.000220435997354679","2.81138485367726","185.719016904409","0.000220435997354679","3.55303962268086","261.974473168644","0.0103861814929812","3.45418072510512","250.284220303717","0.0103861814929812","3.32977214356257","237.784247194076","0.0103861814929812","2.81035633310776","211.21304605106","0.00969842685892331","2.68083784989389","197.371740499661","0.00969842685892331","2.46401902671954","184.463654873252","0.0106635849658073"
10.5,"3.96632544866016","295.435727953771","7.47213826892473e-06","3.70359874631832","259.839538285536","7.47213826892473e-06","3.5646616264397","247.093514760216","7.47213826892473e-06","2.95069585022411","204.816808051931","0.000203913207688116","2.89803026840568","197.192997473196","0.000203912712793968","2.83748359675893","188.556500501168","0.000203912712793968","3.5732649380255","265.54773810667","0.00951516198584918","3.47509112741332","253.759311431131","0.00951516198584918","3.35155397504942","241.135801169125","0.00951516198584918","2.82455807744976","214.03760412851","0.00955201810252579","2.69596690774054","200.067707407402","0.00955201810252579","2.47917906754186","186.942833940794","0.0105023597396325"
10.625,"3.97698996727156","299.412717921042","5.97366202543048e-06","3.71617729749445","263.55571558303","5.97366202543048e-06","3.57819362599099","250.671708386207","5.97366202543048e-06","2.97354464616353","207.790352698095","0.000189941800003536","2.92183031099572","200.114827784191","0.000189941350402974","2.86229835510732","191.418798856275","0.000189941350402974","3.59157838640387","269.139316493074","0.00873614258385209","3.49416994721491","257.253481378346","0.00873614258385209","3.37159972384613","244.507400892972","0.00873614258385209","2.84300007886625","216.880604207376","0.00940581002885238","2.71547895788362","202.783186365285","0.00940581002885238","2.49849161636811","189.441325557162","0.0103391535393911"
10.75,"3.98319529279951","303.395913213842","4.78361954540986e-06","3.72424320523238","267.279958788262","4.78361954540986e-06","3.58718540346604","254.258893789673","4.78361954540986e-06","2.99903191578944","210.789384613884","0.000177956733548955","2.94833998372237","203.063167767914","0.000177956330880638","2.88990227045415","194.308701126729","0.000177956330880638","3.6047649242613","272.744081417335","0.0080374883963037","3.50818273716965","260.761664115515","0.0080374883963037","3.38665193115872","247.89405282413","0.0080374883963037","2.85392585695673","219.734530064333","0.00925977945830883","2.72740866829589","205.510595033581","0.00925977945830883","2.51065807355918","191.951983630721","0.0101741343874602"
10.875,"3.984474680125","307.380387893967","3.83519477105979e-06","3.7272107726297","271.007169560892","3.83519477105979e-06","3.590992626704","257.849886416377","3.83519477105979e-06","3.00355405980247","213.792938673687","0.00016749663663151","2.95373555819089","206.016903326105","0.000167496278471671","2.8962229956331","197.204924122362","0.000167496278471671","3.59444142170658","276.338522839042","0.00740740399769001","3.49909923249885","264.260763348014","0.00740740399769001","3.37911117672128","251.273164000852","0.00740740399769001","2.84957450991657","222.584104574249","0.0091130355625786","2.72398100441899","208.234576038","0.0091130355625786","2.5083845058183","194.460368136539","0.010006415480248"
11,"3.98223344657743","311.362621340544","3.07819650802406e-06","3.72638931876057","274.733558879653","3.07819650802406e-06","3.59087500676042","261.440761423138","3.07819650802406e-06","2.98680760067769","216.779746274365","0.000158225976872616","2.93761414804085","208.954517474145","0.00015822567178112","2.88074699319822","200.08567111556","0.00015822567178112","3.58184325127828","279.92036609032","0.00683709382677479","3.48755492561832","267.748318273632","0.00683709382677479","3.36888119996838","254.64204520082","0.00683709382677479","2.84289416271157","225.426998736961","0.00896370839422763","2.71816421469336","210.952740252694","0.00896370839422763","2.50384250759613","196.964210644136","0.00983357078486839"
11.125,"3.98057785910116","315.343199199645","2.47384773225435e-06","3.72607399950746","278.45963287916","2.47384773225435e-06","3.5912237527767","265.031985175914","2.47384773225435e-06","2.97250963750496","219.75225591187","0.000149911228182754","2.92377413120354","211.878291605349","0.000149910934502718","2.86736247411278","202.953033589673","0.000149910934502718","3.57206480430548","283.492430894625","0.006320437807736","3.47849111346067","271.226809387093","0.006320437807736","3.36071555187754","258.002760752697","0.006320437807736","2.83504519882336","228.262043935784","0.00881000276260391","2.71123070327055","213.663970955964","0.00881000276260391","2.49825520055757","199.462465844693","0.00965421304598717"
11.25,"3.97996364056755","319.323162840213","1.99064103699952e-06","3.72682358640041","282.18645646556","1.99064103699952e-06","3.59264822440315","268.624633400318","1.99064103699952e-06","2.96293313255075","222.71518904442","0.000142396129214581","2.91475600654773","214.793047611897","0.00014239587844979","2.85891260541932","205.811946195092","0.00014239587844979","3.56485402464067","287.057284919266","0.00585131731426992","3.47181065294454","274.698620040038","0.00585131731426992","3.3547068355776","261.357467588275","0.00585131731426992","2.8267172652305","231.088761201015","0.00864964009951908","2.70384277406571","216.36781373003","0.00864964009951908","2.49223108512639","201.95469692982","0.00946592466243452"
11.375,"3.98089078315643","323.304053623369","1.60351175940667e-06","3.72904780270065","285.915504268261","1.60351175940667e-06","3.59551318375094","272.220146584068","1.60351175940667e-06","2.98270420728284","225.697893251703","0.000135513976164813","2.93512789816266","217.728175510059","0.000135513745044048","2.87990008901037","208.691846284103","0.000135513745044048","3.56105547373833","290.618340393004","0.00542417655112264","3.46875241417061","278.167372454208","0.00542417655112264","3.35257578601803","264.710043374293","0.00542417655112264","2.81883880959183","233.907600010606","0.0084807530571456","2.69692781482411","219.064741544854","0.0084807530571456","2.48666804394413","204.441364973764","0.00926643021982862"
11.5,"3.9861276163133","327.290181239683","1.29407234545845e-06","3.73564415291951","289.651148421181","1.29407234545845e-06","3.60279198909072","275.822938573159","1.29407234545845e-06","3.00974360742529","228.707636859128","0.000129186978308522","2.96274239409608","220.690917904155","0.000129186765486896","2.9081019561714","211.599948240274","0.000129186765486896","3.55604707029701","294.174387463301","0.00503545352487933","3.46440639669764","281.631778850906","0.00503545352487933","3.34906008681161","268.059103461105","0.00503545352487933","2.811174616532","236.718774627138","0.00830188481140309","2.69033313094341","221.755074675797","0.00830188481140309","2.4814095800212","206.922774553785","0.00905413041404645"
11.625,"3.99320408485423","331.283385324537","1.04662322679872e-06","3.74420953269209","293.395357953873","1.04662322679872e-06","3.61210879375858","279.435047366918","1.04662322679872e-06","3.0324701924157","231.740107051544","0.000123333313559556","2.98611696646506","223.67703487062","0.000123333122724548","2.93214609555965","214.532094335834","0.000123333122724548","3.54949745383311","297.723884917134","0.0046812326238294","3.45841420743717","285.090193058343","0.0046812326238294","3.34376916459488","271.4028726257","0.0046812326238294","2.81194322848176","239.53071785562","0.00811232126875012","2.69214480296835","224.447219478766","0.00811232126875012","2.484029626726","209.406804180511","0.00882852685846259"
11.75,"3.99614358395687","335.279528908494","8.48417421298231e-07","3.74841311371294","297.143771067586","8.48417421298231e-07","3.6169544599873","283.052001826905","8.48417421298231e-07","3.0530948519606","234.793201903505","0.000117884154768257","3.00747850031272","226.684513370933","0.000117883977842868","2.95427987876515","217.486374214599","0.000117883977842868","3.54052521233866","301.264410129473","0.00435809069585767","3.45016874796804","288.540361806311","0.00435809069585767","3.33643142923796","274.739304054938","0.00435809069585767","2.81355659825315","242.344274453873","0.0079120466071584","2.69462792961162","227.141847408377","0.0079120466071584","2.48722317743601","211.894027357947","0.00858977554875682"
11.875,"3.99518802897269","339.274716937467","6.89293626709732e-07","3.74841150815061","300.892182575736","6.89293626709732e-07","3.61744250010444","286.66944432701","6.89293626709732e-07","3.05242379005131","237.845625693556","0.000112760390099884","3.00754312696716","229.6920564979","0.000112760235913399","2.95511570933292","220.441489923932","0.000112760235913399","3.53067718990442","304.795087319378","0.00406197508069858","3.44101241442431","291.981374220735","0.00406197508069858","3.32813891471576","278.067442969653","0.00406197508069858","2.8095920852188","245.153866539092","0.00770155034987754","2.69140248952143","229.833249897899","0.00770155034987754","2.48501962835767","214.379046986305","0.00833907006758549"
12,"3.99393410919743","343.268651046664","5.61355715578779e-07","3.74796380769417","304.64014638343","5.61355715578779e-07","3.6174109884887","290.286855315498","5.61355715578779e-07","3.03893538711982","240.884561080676","0.00010791437461906","2.99471850636608","232.686775004266","0.00010791422430453","2.94298128547245","223.384471209404","0.00010791422430453","3.51999370308349","308.315081022461","0.00379024928899675","3.4310145397205","295.412388760456","0.00379024928899675","3.31899655472781","281.386439524381","0.00379024928899675","2.80065992139781","247.95452646049","0.00748191621827098","2.68323490100536","232.516484798904","0.00748191621827098","2.47816541264923","216.857212398954","0.00807822636943934"
12.125,"3.9936090934874","347.262260140151","4.58377604181881e-07","3.74842446388382","308.388570847314","4.58377604181881e-07","3.6182766549145","293.905131970413","4.58377604181881e-07","3.02553140067203","243.910092481348","0.000103320880277073","2.98189894972559","235.668673953992","0.000103320751130955","2.9307630196452","226.31523422905","0.000103320751130955","3.51113260762687","311.826213630088","0.00354068252344071","3.42269120681481","298.835079967271","0.00354068252344071","3.31134723601459","284.697786760396","0.00354068252344071","2.79081781452144","250.745344275011","0.00725415819375108","2.67411133896104","235.190596137865","0.00725415819375108","2.47040119051805","219.327613589472","0.00780858063627622"
12.25,"3.99794571964472","351.260205859796","3.75187048014168e-07","3.75349300963415","312.142063856948","3.75187048014168e-07","3.62372205664492","297.528854027058","3.75187048014168e-07","3.01674687465398","246.926839356002","9.89529353349838e-05","2.97357302413055","238.642246978123","9.8952806287651e-05","2.92289626103145","229.238130490081","9.8952806287651e-05","3.50259857127451","315.328812201362","0.00330650463099565","3.41466188308454","302.249741850355","0.00330650463099565","3.3039506328939","288.00173739329","0.00330650463099565","2.78240908752186","253.527753362533","0.00701918834038386","2.66640793900628","237.857004076871","0.00701918834038386","2.46396118135811","221.79157477083","0.00753153813521303"
12.375,"4.00919790335264","355.269403763149","3.07750961148856e-07","3.76539538303903","315.907459239988","3.07750961148856e-07","3.63595929717777","301.164813324235","3.07750961148856e-07","3.01304302718559","249.939882383187","9.48008500531675e-05","2.97041228311913","241.612659261242","9.48007405054349e-05","2.92029270315197","232.158423193233","9.48007405054349e-05","3.49369607147128","318.822508272834","0.00308242627437693","3.40628857607122","305.656030426427","0.00308242627437693","3.29623994094843","291.297977334238","0.00308242627437693","2.77760750606065","256.305360868594","0.0067781080232778","2.66227335044728","240.519277427319","0.0067781080232778","2.4608389005333","224.252413671363","0.007249015812377"
12.5,"4.01930004611674","359.288703809265","2.53311959730345e-07","3.77619715503541","319.683656395023","2.53311959730345e-07","3.64712058076503","304.811933905","2.53311959730345e-07","3.02541980308474","252.965302186272","9.08552759855219e-05","2.98343933043989","244.596098591682","9.08551690588125e-05","2.93400132300028","235.092424516233","9.08551690588125e-05","3.48361521035862","322.306123483192","0.00287693287452787","3.3968050176848","309.052835444111","0.00287693287452787","3.28750197817756","294.585479312416","0.00287693287452787","2.78071627804251","259.086077146636","0.00653150936672185","2.66601894180911","243.185296369128","0.00653150936672185","2.46508887842216","226.717502549785","0.00696315038662195"
