"Drift.Time..days.","NA_11_HP","Column1","Column2","NA_11_H","Column3","Column4","NA_11_M","Column5","Column6","NA_11_L","Column7","Column8","Alt2a_11_M","Column9","Column10","NA_75_HP","Column11","Column12","NA_75_H","Column13","Column14","NA_75_M","Column15","Column16","NA_75_L","Column17","Column18","NA_75_LF","Column19","Column20"
NA,"ITU","CTU","% Retained","ITU","CTU","% Retained","ITU","CTU","% Retained","ITU","CTU","% Retained","ITU","CTU","% Retained","ITU","CTU","% Retained","ITU","CTU","% Retained","ITU","CTU","% Retained","ITU","CTU","% Retained","ITU","CTU","% Retained"
0.25,"2.57911933551287","2.57911933551287","1","2.55746861948583","2.55746861948583","1","2.36492260660194","2.36492260660194","1","2.12704685204604","2.12704685204604","1","2.13275726736512","2.13275726736512","1","2.63048195438194","2.63048195438194","1","2.58279360355827","2.58279360355827","1","2.41814117836327","2.41814117836327","1","2.21014761868035","2.21014761868035","1","2.13135934561104","2.13135934561104","1"
0.375,"2.59565875429785","5.17477808981072","1","2.57434691089103","5.13181553037686","1","2.38510783198257","4.75003043858451","1","2.15120757164304","4.27825442368908","1","2.16555358587408","4.2983108532392","1","2.65574029258517","5.28622224696711","1","2.60856786827897","5.19136147183724","1","2.44564973431701","4.86379091268029","1","2.23979063869832","4.44993825737867","1","2.16179445840072","4.29315380401176","1"
0.5,"2.63931318996815","7.81409127977887","1","2.61839993296991","7.75021546334677","1","2.43256115249119","7.1825915910757","1","2.20274501522865","6.48099943891773","1","2.22478587842837","6.52309673166757","1","2.67421457182763","7.96043681879474","1","2.62753967466986","7.8189011465071","1","2.46629561887464","7.33008653155493","1","2.26248814971545","6.71242640709412","1","2.18525640153303","6.47841020554478","1"
0.625,"2.72195908862892","10.5360503684078","1","2.70144367906417","10.4516591424109","1","2.51913971027669","9.70173130135239","1","2.29354069380855","8.77454013272628","1","2.31825954740591","8.84135627907348","1","2.68540297742527","10.64583979622","1","2.63927218663036","10.4581733331375","1","2.4798599867246","9.80994651827953","1","2.27828560839511","8.99071201548923","1","2.20188692901268","8.68029713455746","1"
0.75,"2.78914372519151","13.3251940935993","1","2.76892911830198","13.2205882607129","1","2.5896959188957","12.2914272202481","1","2.36771543521101","11.1422555679373","1","2.3948479683285","11.236204247402","1","2.70958982745185","13.3554296236719","1","2.66405363261357","13.122226965751","1","2.50664664300784","12.3165931612874","1","2.30751552046246","11.2982275359517","1","2.23202331615655","10.912320450714","1"
0.875,"2.81117683920086","16.1363709328002","1","2.79113385465917","16.0117221153721","1","2.61360779616452","14.9050350164126","1","2.39365913062326","13.5359146985605","1","2.42236009735433","13.6585643447563","1","2.72479646010508","16.0802260837769","1","2.67985238128151","15.8020793470325","1","2.52444934523384","14.8410425065212","1","2.32775960846531","13.625987144417","1","2.25317256520497","13.165493015919","1"
1,"2.80932859145482","18.945699524255","1","2.7894312193832","18.8011533347553","1","2.61332635389284","17.5183613703054","1","2.39508594295932","15.9310006415199","1","2.4244322043784","16.0829965491347","1","2.73475183436647","18.8149779181434","1","2.69041610631714","18.4924954533497","1","2.53707480239528","17.3781173089165","1","2.34289919883076","15.9688863432477","1","2.26924676411421","15.4347397800332","1"
1.125,"2.80713875211345","21.7528382763684","1","2.78742269536795","21.5885760301232","1","2.61313701440868","20.1314983847141","1","2.39707652156903","18.3280771630889","1","2.4269183702995","18.5099149194342","1","2.74985274283396","21.5648306609774","1","2.70616325896364","21.1986587123133","1","2.55501483643122","19.9331321453477","1","2.36351387237293","18.3324002156207","1","2.29085631105186","17.725596091085","1"
1.25,"2.81020305754165","24.5630413339101","1","2.79072732101293","24.3793033511362","1","2.61862280352722","22.7501211882414","1","2.40517477414082","20.7332519372297","1","2.43619799066429","20.9461129100985","1","2.77235363771022","24.3371842986876","1","2.72931360656147","23.9279723188748","1","2.58037001328353","22.5135021586312","1","2.39155735356678","20.7239575691875","1","2.3199018705877","20.0454979616727","1"
1.375,"2.84217023610131","27.4052115700114","1","2.82305125502818","27.2023546061644","1","2.65384578010988","25.4039669683512","1","2.44390667661318","23.1771586138429","1","2.477611997704","23.4237249078025","1","2.84648218478451","27.1836664834721","1","2.80442110367866","26.7323934225534","1","2.6587942309931","25.1722963896244","1","2.473999171669","23.1979567408565","1","2.40384053446713","22.4493384961399","1"
1.5,"2.91338794269257","30.318599512704","1","2.89469458969203","30.0970491958564","1","2.72874928171813","28.1327162500694","1","2.52282101707509","25.699979630918","1","2.55985813213893","25.9835830399414","1","2.94895261499075","30.1326190984628","1","2.90812150152788","29.6405149240813","1","2.76666010620041","27.9389564958248","1","2.58694501298117","25.7849017538376","1","2.51864598524582","24.9679844813857","1"
1.625,"2.99827705118123","33.3168765638852","1","2.98000297844202","33.0770521742984","1","2.81727119615605","30.9499874462254","1","2.61526182456796","28.3152414554859","1","2.65727544544611","28.6408584853876","1","3.03179960978391","33.1644187082467","1","2.99233352554588","32.6328484496272","1","2.85546581696534","30.7944223127901","1","2.6813873263868","28.4662890802244","1","2.61518450722772","27.5831689886134","1"
1.75,"3.06463458969028","36.3815111535755","1","3.04672493244096","36.1237771067394","1","2.88710532602799","33.8370927722534","1","2.68884406763959","31.0040855231255","1","2.7365453004975","31.3774037858851","1","3.097265954005","36.2616846622518","1","3.05911403496678","35.691962484594","1","2.92663347304508","33.7210557858352","1","2.75796136072196","31.2242504409464","1","2.69379469216075","30.2769636807742","1"
1.875,"3.08119716707259","39.462708320648","1","3.06353110773007","39.1873082144695","1","2.90605648211372","36.7431492543671","1","2.71038242793996","33.7144679510655","1","2.76224559049394","34.139649376379","1","3.11960688920723","39.381291551459","1","3.08232734231275","38.7742898269067","1","2.95276559657089","36.6738213824061","1","2.78770531928985","34.0119557602362","1","2.72490553260056","33.0018692133747","1"
2,"3.07566373359624","42.5383720542443","1","3.0581990213742","42.2455072358437","1","2.90260848328952","39.6457577376566","1","2.70920614519475","36.4236740962602","1","2.76425421891685","36.9039035952959","1","3.11158718318792","42.4928787346469","1","3.07491670184362","41.8492065287503","1","2.94741045130034","39.6212318337064","1","2.78489463726749","36.7968503975037","1","2.72305049600268","35.7249197093774","1"
2.125,"3.07489917771128","45.6132712319556","1","3.05769785534978","45.3032050911934","1","2.90444245974832","42.550200197405","1","2.71385182259478","39.137525918855","1","2.77226821150281","39.6761718067987","1","3.10619203509882","45.5990707697457","1","3.07007665201786","44.9192831807682","1","2.9444635684247","42.5656954021311","1","2.78428868541631","39.5811390829201","1","2.72331812782871","38.4482378372061","1"
2.25,"3.07776019497372","48.6910314269293","1","3.0608502309084","48.3640553221018","1","2.91011214999229","45.4603123473972","1","2.72255268752063","41.8600786063756","1","2.78365027248352","42.4598220792822","1","3.10491680758737","48.7039875773331","1","3.0692407599233","47.9885239406915","1","2.94513129687007","45.5108266990012","1","2.7868192575222","42.3679583404423","1","2.72654496543051","41.1747828026366","1"
2.375,"3.10450945747094","51.7955408844002","1","3.08787851001587","51.4519338321177","1","2.93979321404244","48.4001055614397","1","2.75542385441115","44.6155024607868","1","2.81715587825554","45.2769779575377","1","3.14115421236457","51.8451417896977","1","3.10593333750868","51.0944572782002","1","2.98339872542455","48.4942254244257","1","2.827042274766","45.1950006152083","1","2.76749839964914","43.9422812022858","1"
2.5,"3.17389519192156","54.9694360763218","1","3.15756332912938","54.6094971612471","1","3.01236672025538","51.4124722816951","1","2.8314894692125","47.4469919299993","1","2.8927659134293","48.169743870967","1","3.19930863356329","55.044450423261","1","3.16490688066724","54.2593641588674","1","3.04518077318286","51.5394061976086","1","2.89231667726585","48.0873172924741","1","2.83407214136346","46.7763533436492","1"
2.625,"3.26740362948547","58.2368397058072","1","3.25139762897936","57.8608947902264","1","3.10900215608546","54.5214744377805","1","2.93156640129013","50.3785583312894","1","3.08123671332747","51.2509805842945","1","3.2495330549269","58.2939834781879","1","3.21599020436321","57.4753543632307","1","3.09918210355118","54.6385883011598","1","2.94995195757816","51.0372692500523","1","2.89306151811792","49.6694148617671","1"
2.75,"3.33805148069137","61.5748911864986","1","3.32257403005258","61.183468820279","1","3.18113566365678","57.7026101014373","1","3.00526736884649","53.3838257001359","1","3.16234001127015","54.4133205955646","1","3.30211855036566","61.5961020285535","1","3.26937406712308","60.7447284303537","1","3.15528612309231","57.7938744242521","1","3.00942692062974","54.046696170682","1","2.95379856700347","52.6232134287706","1"
2.875,"3.34846316695255","64.9233543534512","1","3.33432855759069","64.5177973778697","1","3.18690197427614","60.8895120757134","1","3.00573306918724","56.3895587693232","1","3.16826015824416","57.5815807538088","1","3.3251758722556","64.9212779008091","1","3.29299062213339","64.0377190524871","1","3.18081844514584","60.9746928693979","1","3.03733232906219","57.0840284997442","1","2.98259562206019","55.6058090508308","1"
3,"3.31485254346378","68.2382068969149","1","3.30324799512022","67.82104537299","1","3.13914262688169","64.0286547025951","1","2.94173403379546","59.3312928031186","1","3.10954032146048","60.6911210752693","1","3.31425322163417","68.2355311224433","1","3.28263076602838","67.3203498185155","1","3.17233500969301","64.1470278790909","1","3.03118955720131","60.1152180569455","1","2.97735385353397","58.5831629043648","1"
3.125,"3.29035837265555","71.5285652695705","1","3.28046336468659","71.1015087376766","1","3.09640876405948","67.1250634666546","1","2.87914102815656","62.2104338312752","1","3.06219995798988","63.7533210332591","1","3.30390990522329","71.5394410276666","1","3.27298625969179","70.5933360782073","1","3.16423817234225","67.3112660514332","1","3.02507418381316","63.1402922407587","1","2.97236444047197","61.5555273448368","1"
3.25,"3.29095610791928","74.8195213774898","0.99999999999959","3.28215233769657","74.3836610753731","0.999999999999589","3.08603902470168","70.2111024913563","0.999999999999589","2.85678176500794","65.0672155962831","0.999999999999589","3.06923710098195","66.8225581342411","0.999999999999595","3.29873192836173","74.8381729560283","1","3.26904232560053","73.8623784038078","1","3.15870187681065","70.4699679282438","1","3.01789699473835","66.158189235497","1","2.96720673545508","64.5227340802918","1"
3.375,"3.3270786916256","78.1466000691154","0.999999999915112","3.31922785882091","77.702888934194","0.99999999991499","3.12056036390447","73.3316628552608","0.99999999991499","2.88899608705099","67.9562116833341","0.99999999991499","3.13440747506466","69.9569656093058","0.999999999916563","3.34174549363335","78.1799184496617","1","3.31470923038356","77.1770876341914","1","3.19355311764424","73.6635210458881","1","3.04021549328927","69.1984047287863","1","2.99401660062066","67.5167506809125","1"
3.5,"3.40081113215541","81.5474112012708","0.999999993121255","3.39312770402049","81.0960166382145","0.99999999311082","3.19658538691145","76.5282482421722","0.99999999311082","2.96751921087724","70.9237308942114","0.99999999311082","3.23804368275428","73.19500929206","0.999999993242805","3.39505871118479","81.5749771608465","1","3.37247342306363","80.549561057255","1","3.2290913625029","76.892612408391","1","3.05016003467999","72.2485647634663","1","3.011487119063","70.5282377999755","1"
3.625,"3.47932024607953","85.0267314473503","0.999999740916699","3.47182184400659","84.5678384822211","0.999999740498144","3.27893542512893","79.8071836673011","0.999999740498144","3.0539199792247","73.9776508734361","0.999999740498144","3.34006498570548","76.5350742777655","0.999999745104709","3.45071363413186","85.0256907949783","0.999999999999985","3.43304614788955","83.9826072051446","0.999999999999985","3.26684738821876","80.1594597966097","0.999999999999985","3.0613439394679","75.3099087029342","0.999999999999985","3.03102012874218","73.5592579287177","0.999999999999985"
3.75,"3.54253213282369","88.569263580174","0.999994837218302","3.53530004659911","88.1031385288202","0.999994830006704","3.3488972225641","83.1560808898653","0.999994830006704","3.13105909168381","77.1087099651199","0.999994830006704","3.43724872758302","79.9723230053485","0.99999491266528","3.52072350792435","88.5464143029027","0.999999999997611","3.50830532180808","87.4909125269526","0.999999999997611","3.32521637740515","83.4846761740149","0.999999999997611","3.10013789120649","78.4100465941407","0.999999999997611","3.07873118071219","76.6379891094299","0.999999999997611"
3.875,"3.54253213282369","92.1117957129977","0.999939605387804","3.53530004659911","91.6384385754193","0.999939540980997","3.3488972225641","86.5049781124294","0.999939540980997","3.13105909168381","80.2397690568037","0.999939540980997","3.43724872758302","83.4095717329316","0.999940420207328","3.52072350792435","92.067137810827","0.999999999825535","3.50830532180808","90.9992178487607","0.999999999825535","3.32521637740515","86.80989255142","0.999999999825535","3.10013789120649","81.5101844853472","0.999999999825535","3.07873118071219","79.7167202901421","0.999999999825535"
4,"3.53306806892907","95.6448637819268","0.999548158139365","3.52593436290945","95.1643729383288","0.999547776580867","3.34184622067089","89.8468243331002","0.999547776580867","3.12660336345582","83.3663724202595","0.999547776580867","3.44142484422819","86.8509965771598","0.999553796190552","3.50056173442784","95.5676995452549","0.999999993210082","3.488921117688","94.4881389664487","0.999999993210082","3.30839626606494","90.118288817485","0.999999993210082","3.08637536665321","84.5965598520004","0.999999993210082","3.06626621049334","82.7829865006354","0.999999993210082"
4.125,"3.52738751740633","99.1722512993331","0.997676698075724","3.52033590794048","98.6847088462692","0.997675046360486","3.33834754082829","93.1851718739285","0.997675046360486","3.12546390825625","86.4918363285158","0.997675046360486","3.44849144808087","90.2994880252406","0.99770307711634","3.48416354322719","99.0518630884821","0.999999846087177","3.47290396867755","97.9610429351263","0.999999846087177","3.29616092932687","93.4144497468119","0.999999846087177","3.07861430885843","87.6751741608588","0.999999846087177","3.05912702898236","85.8421135296178","0.999999846087177"
4.25,"3.52179931245142","102.694050611785","0.991268245826791","3.51481783181716","102.199526678086","0.991262987352593","3.33460803693697","96.5197799108655","0.991262987352593","3.12373292733536","89.6155692558511","0.991262987352593","3.45321311279524","93.7527011380359","0.991356644796869","3.47571640758201","102.527579496064","0.999997814748696","3.46472820905138","101.425771144178","0.999997814748696","3.29188792533754","96.7063376721494","0.999997814748696","3.07894903872976","90.7541231995885","0.999997814748696","3.05989460514212","88.9020081347599","0.999997814748696"
4.375,"3.52491256507252","106.218963176857","0.974712977546956","3.51800063287689","105.717527310963","0.974698434960747","3.33938469900435","99.8591646098699","0.974698434960747","3.13031292922413","92.7458821850752","0.974698434960747","3.46480027051352","97.2175014085494","0.974934456469852","3.52130345351766","106.048882949582","0.999979312339116","3.51056780864922","104.936338952827","0.999979312339116","3.34172322352328","100.048060895673","0.999979312339116","3.13349239839255","93.8876155979811","0.999979312339116","3.11483461898176","92.0168427537416","0.999979312339116"
4.5,"3.55643250252231","109.775395679379","0.941005318825701","3.5496080319659","109.267135342929","0.940977109206885","3.37253584647781","103.231700456348","0.940977109206885","3.16520539740079","95.911087582476","0.940977109206885","3.50469408272854","100.722195491278","0.941446241978011","3.604010846245","109.652893795827","0.999862073287699","3.59351541629618","108.529854369123","0.999862073287699","3.42853444377957","103.476595339452","0.999862073287699","3.22486567218092","97.112481270162","0.999862073287699","3.2065854612782","95.2234282150198","0.999862073287699"
4.625,"3.60741643699445","113.382812116374","0.884776562710005","3.60065139236703","112.867786735296","0.884733791362195","3.42470808792901","106.656408544277","0.884733791362195","3.2186577226202","99.1297453050962","0.884733791362195","3.56309896490098","104.285294456179","0.885498956549425","3.69120424517803","113.344098041005","0.999320756998061","3.68090243583699","112.21075680496","0.999320756998061","3.51903606672722","106.995631406179","0.999320756998061","3.3190628513602","100.431544121522","0.999320756998061","3.30109128132608","98.5245194963459","0.999320756998061"
4.75,"3.64479308846758","117.027605204841","0.805305063145072","3.63810222609324","116.505888961389","0.805253702920226","3.46360020368008","110.120008747957","0.805253702920226","3.25917862012022","102.388923925216","0.805253702920226","3.60621592750685","107.891510383686","0.80631131850361","3.75841156272843","117.102509603733","0.997423793992447","3.74832036685248","115.959077171813","0.997423793992447","3.58977522875528","110.585406634935","0.997423793992447","3.39373954213329","103.825283663656","0.997423793992447","3.37610555818795","101.900625054534","0.997423793992447"
4.875,"3.65796315031094","120.685568355152","0.707337488334803","3.65137718301191","120.157266144401","0.707280417457951","3.47860488029244","113.598613628249","0.707280417457951","3.27613349188034","105.665057417097","0.707280417457951","3.6229581943624","111.514468578048","0.708558576610845","3.77221920648194","120.874728810215","0.992191266279776","3.76229083999364","119.721368011806","0.992191266279776","3.60629000079378","114.191696635729","0.992191266279776","3.41328414287992","107.238567806535","0.992191266279776","3.39591518248864","105.296540237022","0.992191266279776"
5,"3.65994573687305","124.345514092025","0.59942251808697","3.65344536791557","123.810711512317","0.59936031463707","3.4825309102153","117.081144538464","0.59936031463707","3.28215159860485","108.947209015702","0.59936031463707","3.62734451958965","115.141813097638","0.60074408160709","3.75970371529838","124.634432525514","0.980453186735246","3.7498815947491","123.471249606555","0.980453186735246","3.59552544776635","117.787222083495","0.980453186735246","3.40449365707666","110.643061463612","0.980453186735246","3.38730168944816","108.683841926471","0.980453186735246"
5.125,"3.66034767393873","128.005861765964","0.491022204167423","3.65393536948946","127.464646881806","0.490961806139107","3.48475822369826","120.565902762163","0.490961806139107","3.28633588427971","112.233544899981","0.490961806139107","3.62948304809148","118.771296145729","0.492328413276567","3.74883793920385","128.383270464717","0.95839761262712","3.73914897801239","127.210398584568","0.95839761262712","3.58683292278446","121.374055006279","0.95839761262712","3.39824292153586","114.041304385148","0.95839761262712","3.3812709584836","112.065112884954","0.95839761262712"
5.25,"3.65993676751555","131.66579853348","0.390072091587468","3.6536086806327","131.118255562439","0.390018794366213","3.48585040114623","124.051753163309","0.390018794366213","3.28903015304547","115.522575053027","0.390018794366213","3.63008304737878","122.401379193108","0.391272792498771","3.74180698743021","132.125077452148","0.922732576214096","3.732296028149","130.942694612717","0.922732576214096","3.58269965570967","124.956754661989","0.922732576214096","3.39735685550544","117.438661240653","0.922732576214096","3.38067544937811","115.445788334332","0.922732576214096"
5.375,"3.67196384512972","135.337762378609","0.301638247052835","3.66571041159509","134.783965974034","0.30160924187849","3.49954162957722","127.551294792886","0.30160924187849","3.30451312671557","118.827088179742","0.30160924187849","3.64428368801354","126.045662881122","0.302691353164502","3.78237593993758","135.907453392085","0.871904298223613","3.77300988320572","134.715704495922","0.871904298223613","3.6256320714397","128.582386733429","0.871904298223613","3.44294664744198","120.881607888095","0.871904298223613","3.42650339534917","118.872291729682","0.871904298223613"
5.5,"3.70260737520067","139.04036975381","0.227873483874582","3.69642875763465","138.480394731669","0.227857448659416","3.53191564973843","131.083210442625","0.227857448659416","3.33875364915777","122.1658418289","0.227857448659416","3.6786372505946","129.724300131716","0.228749479984496","3.83760536959565","139.745058761681","0.806932773933127","3.82836759324259","138.544072089165","0.806932773933127","3.68295547882978","132.265342212259","0.806932773933127","3.50262988585837","124.384237773954","0.806932773933127","3.48639832805142","122.358690057733","0.806932773933127"
5.625,"3.73987244224727","142.780242196057","0.168747970453385","3.73376343712335","142.214158168792","0.168740358022267","3.5706434946195","134.653853937244","0.168740358022267","3.37905512386942","125.54489695277","0.168740358022267","3.71972683106351","133.44402696278","0.169447713519539","3.87256863377","143.617627395451","0.731093299805435","3.86345720542644","142.407529294591","0.731093299805435","3.71998779635391","135.985330008612","0.731093299805435","3.5419951953509","127.926232969305","0.731093299805435","3.52597255411292","125.884662611846","0.731093299805435"
5.75,"3.76654423830741","146.546786434365","0.12287815282691","3.76050721728787","145.97466538608","0.122873891812523","3.59863753958172","138.252491476826","0.122873891812523","3.40846335488778","128.953360307657","0.122873891812523","3.74927649479023","137.19330345757","0.123415770162801","3.89262735534957","147.5102547508","0.648953618169762","3.88367859186663","146.291207886458","0.648953618169762","3.7427134891566","139.728043497769","0.648953618169762","3.56772092530425","131.493953894609","0.648953618169762","3.55196545034067","129.436628062187","0.648953618169762"
5.875,"3.77616931995442","150.322955754319","0.0882308419437784","3.77018742837999","149.74485281446","0.0882312378213611","3.60936866224496","141.861860139071","0.0882312378213611","3.42038588243519","132.373746190093","0.0882312378213611","3.7602107126135","140.953514170183","0.0886358014134359","3.88430843231332","151.394563183114","0.565239108163945","3.87553659029886","150.166744476757","0.565239108163945","3.73729600648354","143.465339504253","0.565239108163945","3.56556743757797","135.059521332187","0.565239108163945","3.55010299535471","132.986731057541","0.565239108163945"
6,"3.77608756135459","154.099043315674","0.0626208791927727","3.77015578270862","153.515008597169","0.0626259540059147","3.61012391598183","145.471984055053","0.0626259540059147","3.42203603466263","135.795782224755","0.0626259540059147","3.76024768456863","144.713761854752","0.0629214098448006","3.88012746807","155.274690651184","0.484071435613985","3.8715144812917","154.038258958049","0.484071435613985","3.73571134022247","147.201050844475","0.484071435613985","3.56690933934177","138.626430671529","0.484071435613985","3.55170675821122","136.538437815753","0.484071435613985"
6.125,"3.77497121611245","157.874014531786","0.0440181028940152","3.76908850633647","157.284097103505","0.044025411881685","3.60987738809396","149.081861443147","0.044025411881685","3.42272119390092","139.218503418656","0.044025411881685","3.75917873287779","148.47294058763","0.0442373769665367","3.87813369669314","159.152824347877","0.408571731188193","3.8696761964144","157.907935154463","0.408571731188193","3.73625547293163","150.937306317407","0.408571731188193","3.57031711296423","142.196747784493","0.408571731188193","3.55537114094395","140.093808956696","0.408571731188193"
6.25,"3.77499516234323","161.649009694129","0.0307012479718834","3.76918758199668","161.053284685502","0.0307087913567831","3.61096594047255","152.692827383619","0.0307087913567831","3.42492894293496","142.643432361591","0.0307087913567831","3.75957422708596","152.232514814716","0.0308583798691347","3.87776555348692","163.030589901364","0.340669235965244","3.86944354486955","161.777378699333","0.340669235965244","3.73810405914501","154.675410376552","0.340669235965244","3.57467155565223","145.771419340145","0.340669235965244","3.55995120531935","143.653760162016","0.340669235965244"
6.375,"3.78367558206134","165.432685276191","0.0212839839481","3.77792096366562","164.831205649167","0.0212923157759312","3.62071232327169","156.313539706891","0.0212923157759312","3.43581859938706","146.079250960978","0.0212923157759312","3.76922590080863","156.001740715524","0.021396640267742","3.87649349379594","166.90708339516","0.281239261993769","3.86828049973113","165.645659199064","0.281239261993769","3.7386094706361","158.414019847188","0.281239261993769","3.57719164509758","149.348610985243","0.281239261993769","3.56265330811113","147.216413470127","0.281239261993769"
6.5,"3.80614311656787","169.238828392759","0.0146795220899805","3.80043692265643","168.631642571824","0.0146871994908742","3.64414338851041","159.957683095401","0.0146871994908742","3.46028015346354","149.539531114442","0.0146871994908742","3.79346653323653","159.795207248761","0.0147589874802069","3.89410354851541","170.801186943675","0.23036155033113","3.88600515590962","169.531664354973","0.23036155033113","3.75808812492578","162.172107972114","0.23036155033113","3.59878732380532","152.947398309048","0.23036155033113","3.58444016452214","150.800853634649","0.23036155033113"
6.625,"3.83395690852987","173.072785301288","0.010081511754083","3.82829268588701","172.459935257711","0.0100880536816888","3.67283417393405","163.630517269335","0.0100880536816888","3.48990802442729","153.029439138869","0.0100880536816888","3.82328600546003","163.618493254221","0.0101370094391254","3.92934255130751","174.730529494983","0.187555543808274","3.92134484653771","173.453009201511","0.187555543808274","3.79496977499035","165.967077747104","0.187555543808274","3.63753371487069","156.584932023919","0.187555543808274","3.62335518242208","154.424208817071","0.187555543808274"
6.75,"3.85538336711172","176.9281686684","0.0069006607146911","3.84976808590564","176.309703343617","0.00690574689533064","3.69513947409201","167.325656743427","0.00690574689533064","3.51314135394864","156.542580492818","0.00690574689533064","3.84627412929423","167.464767383515","0.00693883317074722","3.96171430709774","178.69224380208","0.15203727590125","3.95382651544379","177.406835716955","0.15203727590125","3.82913731987657","169.79621506698","0.15203727590125","3.6737394255824","160.258671449501","0.15203727590125","3.65974461504394","158.083953432115","0.15203727590125"
6.875,"3.86344113702006","180.79160980542","0.0047125175828219","3.85787864069255","180.167581984309","0.00471655473954914","3.70408269132713","171.029739434754","0.00471655473954914","3.52301228260175","160.065592775419","0.00471655473954914","3.85497182443608","171.319739207951","0.00473877038636676","3.97271527844284","182.664959080523","0.122888873350871","3.96490376671543","181.37173948367","0.122888873350871","3.84138575998344","173.637600826964","0.122888873350871","3.68741093201018","163.946082381511","0.122888873350871","3.67354537868811","161.757498810803","0.122888873350871"
7,"3.86378544807818","184.655395253498","0.00321369237156867","3.85827435183316","184.025856336142","0.0032169481821449","3.70531018818788","174.735049622942","0.0032169481821449","3.52516298503869","163.590755760458","0.0032169481821449","3.8554437961989","175.17518300415","0.00323175377508058","3.9599250483859","186.624884128909","0.0991725776765852","3.95219505111961","185.32393453479","0.0991725776765852","3.82992738164571","177.46752820861","0.0991725776765852","3.67747187777689","167.623554259288","0.0991725776765852","3.66374389671756","165.421242707521","0.0991725776765852"
7.125,"3.86394276111137","188.51933801461","0.00219011499434928","3.85847973695744","187.8843360731","0.00219268129653392","3.70634125333196","178.441390876274","0.00219268129653392","3.52710890310217","167.11786466356","0.00219268129653392","3.85577127761757","179.030954281768","0.00220249387387446","3.9477211061881","190.572605235097","0.0800013301343707","3.94007910731818","189.264013642108","0.0800013301343707","3.81916322956602","181.286691438176","0.0800013301343707","3.6683485806739","171.291902839962","0.0800013301343707","3.65476918315661","169.076011890677","0.0800013301343707"
7.25,"3.86459898137044","192.38393699598","0.0014929346971712","3.85919384713005","191.74352992023","0.00149484057298088","3.70782080201717","182.149211678291","0.00149484057298088","3.52943377475025","170.64729843831","0.00149484057298088","3.85659335355153","182.887547635319","0.00150132136572578","3.93738742968773","194.509992664785","0.0645543419384753","3.929826416597","193.193840058705","0.0645543419384753","3.81015322737889","185.096844665555","0.0645543419384753","3.66084888140528","174.952751721367","0.0645543419384753","3.64740672745967","172.723418618137","0.0645543419384753"
7.375,"3.87197276245742","196.255909758438","0.00101905612406012","3.86660866336603","195.610138583596","0.00102052884355411","3.71603677044768","185.865248448739","0.00102052884355411","3.53853460729784","174.185833045608","0.00102052884355411","3.86474049227488","186.752288127594","0.00102480801352096","3.9458737734411","198.455866438226","0.0521222272902338","3.93838891857279","197.132228977278","0.0521222272902338","3.81988188918836","188.916726554743","0.0521222272902338","3.67199591023811","178.624747631605","0.0521222272902338","3.65868299277356","176.382101610911","0.0521222272902338"
7.5,"3.89036936376934","200.146279122207","0.000696785790469671","3.88504953877135","199.495188122367","0.000697872514973505","3.73540956692668","189.600658015666","0.000697872514973505","3.55893972285144","177.74477276846","0.000697872514973505","3.88501483589939","190.637302963494","0.00070069096033548","3.96655225651907","202.422418694745","0.0421747153005259","3.95913854102462","201.091367518302","0.0421747153005259","3.84171628071745","192.75844283546","0.0421747153005259","3.69514992700925","182.319897558615","0.0421747153005259","3.68195799435036","180.064059605261","0.0421747153005259"
7.625,"3.91265297993034","204.058932102137","0.000477508862863679","3.90738680214971","203.402574924517","0.000478307899717441","3.75871018529002","193.359368200956","0.000478307899717441","3.58330798753285","181.328080755993","0.000478307899717441","3.90957040978862","194.546873373282","0.000480165352401624","3.98628299076572","206.408701685511","0.0342396478481559","3.97894022662791","205.07030774493","0.0342396478481559","3.8626040777223","196.621046913183","0.0342396478481559","3.71735757584382","186.037255134459","0.0342396478481559","3.7042869867625","183.768346592023","0.0342396478481559"
7.75,"3.92864761835553","207.987579720493","0.000328208395523503","3.92342990721263","207.326004831729","0.000328773819682626","3.77575254665685","197.135120747613","0.000328773819682626","3.60145963549346","184.929540391486","0.000328773819682626","3.92750839803589","198.474381771318","0.000330000371473823","4.00216431846622","210.410866003977","0.0279122079471105","3.99489106466519","209.065198809596","0.0279122079471105","3.87961527980494","200.500662192988","0.0279122079471105","3.73565643630319","189.772911570762","0.0279122079471105","3.72270471368053","187.491051305704","0.0279122079471105"
7.875,"3.9338336880298","211.921413408523","0.000226477923190537","3.92866276944272","211.254667601172","0.000226876646184329","3.78188117775551","200.917001925368","0.000226876646184329","3.60858158827891","188.538121979765","0.000226876646184329","3.93371153827755","202.408093309596","0.000227689416627744","4.00348731878227","214.414353322759","0.0228530935121927","3.99627154887129","213.061470358467","0.0228530935121927","3.88187168490817","204.382533877896","0.0228530935121927","3.73897662308807","193.51188819385","0.0228530935121927","3.7261245201863","191.21717582589","0.0228530935121927"
8,"3.93357576495549","215.854989173478","0.000157031786865992","3.92844781095859","215.183115412131","0.00015731765180018","3.78245586097154","204.69945778634","0.00015731765180018","3.61003113625227","192.148153116017","0.00015731765180018","3.93392700933229","206.342020318928","0.000157860006334538","3.99727262144452","218.411625944204","0.0187972804968674","3.99012182508165","217.051592183549","0.0187972804968674","3.8767062895956","208.259240167491","0.0187972804968674","3.7350044520697","197.24689264592","0.0187972804968674","3.72226382026504","194.939439646155","0.0187972804968674"
8.125,"3.93327247429815","219.788261647776","0.000109484965499713","3.92819191036464","219.111307322495","0.000109691505708844","3.78302117331836","208.482478959658","0.000109691505708844","3.61150677606969","195.759659892087","0.000109691505708844","3.93419688185247","210.27621720078","0.000110056694299545","3.99265262292465","222.404278567128","0.0155409250914783","3.98556823792544","221.037160421474","0.0155409250914783","3.87316358610334","212.132403753595","0.0155409250914783","3.7326850394588","200.979577685378","0.0155409250914783","3.72005884559175","198.659498491747","0.0155409250914783"
8.25,"3.93346358439023","223.721725232167","7.67914232020183e-05","3.92841775218065","223.039725074676","7.6938296356311e-05","3.78400796630408","212.266486925962","7.6938296356311e-05","3.61333541220728","199.372995304294","7.6938296356311e-05","3.93490762167811","214.211124822459","7.71860551776226e-05","3.99159237810783","226.395870945236","0.0129217608252143","3.98456723258598","225.02172765406","0.0129217608252143","3.87306058573394","216.005464339329","0.0129217608252143","3.73366735559732","204.713245040976","0.0129217608252143","3.72114387981823","202.380642371565","0.0129217608252143"
8.375,"3.93668175496703","227.658406987134","5.41964656106983e-05","3.93166749757789","226.971392572254","5.42926055941733e-05","3.78795758504288","216.054444511005","5.42926055941733e-05","3.61805775238143","202.991053056676","5.42926055941733e-05","3.93880124107408","218.149926063533","5.44618572209259e-05","4.01174281759809","230.407613762834","0.0108081161727693","4.00477027328782","229.026497927348","0.0108081161727693","3.89405754587165","219.8995218852","0.0108081161727693","3.7556220835798","208.468867124555","0.0108081161727693","3.74319018756955","206.123832559135","0.0108081161727693"
8.5,"3.9481224859324","231.606529473066","3.8532909168619e-05","3.94314976706091","230.914542339315","3.85968259554313e-05","3.80007824176611","219.854522752771","3.85968259554313e-05","3.63088128288315","206.621934339559","3.85968259554313e-05","3.95142649449765","222.10135255803","3.87144501635218e-05","4.03399799928251","234.441611762117","0.00909711811718958","4.02710191232671","233.053599839674","0.00909711811718958","3.91754865125058","223.817070536451","0.00909711811718958","3.78051119709153","212.249378321647","0.00909711811718958","3.76821074245719","209.892043301592","0.00909711811718958"
8.625,"3.9654435343316","235.571973007398","2.76231989039118e-05","3.96050208712139","234.875044426436","2.76660768885491e-05","3.81805329462319","223.672576047394","2.76660768885491e-05","3.64954172131723","210.271476060876","2.76660768885491e-05","3.97036946518431","226.071722023215","2.77491716999972e-05","4.05028659504076","238.491898357158","0.00770621684095741","4.04347764039803","237.097077480072","0.00770621684095741","3.93524661195062","227.752317148401","0.00770621684095741","3.799803827109","216.049182148756","0.00770621684095741","3.78765234379587","213.679695645388","0.00770621684095741"
8.75,"3.97923734912796","239.551210356526","1.99754964150172e-05","3.97432506581546","238.849369492252","2.00060701367708e-05","3.83248543083893","227.505061478233","2.00060701367708e-05","3.66464435506755","213.936120415944","2.00060701367708e-05","3.98553510581125","230.057257129026","2.00655905029735e-05","4.06081796443812","242.552716321596","0.0065702145530757","4.05408017212805","241.151157652201","0.0065702145530757","3.94692031886449","231.699237467266","0.0065702145530757","3.81276957092234","219.861951719678","0.0065702145530757","3.800740608851","217.480436254239","0.0065702145530757"
8.875,"3.98127545510257","243.532485811628","1.45712624835993e-05","3.97639994043383","242.825769432686","1.45922855396738e-05","3.83536747260561","231.340428950839","1.45922855396738e-05","3.66842287490665","217.60454329085","1.45922855396738e-05","3.9885054950054","234.045762624031","1.46353638306437e-05","4.06415856036796","246.616874881964","0.0056377993493185","4.05747020075052","245.208627852951","0.0056377993493185","3.95104523698947","235.650282704255","0.0056377993493185","3.81778042661943","223.679732146298","0.0056377993493185","3.8058376672436","221.286273921482","0.0056377993493185"
9,"3.97478371430988","247.507269525938","1.07212606273562e-05","3.96995112652634","246.795720559212","1.07348359056327e-05","3.8297509771885","235.170179928027","1.07348359056327e-05","3.6637330727216","221.268276363572","1.07348359056327e-05","3.98241097463802","238.028173598669","1.07665517694551e-05","4.05810554545891","250.674980427423","0.00486866637330377","4.05147525184553","249.260103104797","0.00486866637330377","3.945923200887","239.596205905142","0.00486866637330377","3.81371256025581","227.493444706554","0.00486866637330377","3.8018711242407","225.088145045723","0.00486866637330377"
9.125,"3.96857921842154","251.47584874436","7.95731898830596e-06","3.96378260107691","250.759503160289","7.9655340207794e-06","3.82419353405432","238.994373462082","7.9655340207794e-06","3.65885368660071","224.927130050172","7.9655340207794e-06","3.97621554993911","242.004389148608","7.98918652559627e-06","4.05198574681223","254.726966174235","0.00423087005243323","4.04542091849613","253.305524023293","0.00423087005243323","3.94084784696708","243.53705375211","0.00423087005243323","3.80982247861678","231.30326718517","0.00423087005243323","3.79809413694363","228.886239182667","0.00423087005243323"
9.25,"3.96364124290316","255.439489987263","5.95939070290893e-06","3.95887748064616","254.718380640935","5.9640548754561e-06","3.81976445654302","242.814137918625","5.9640548754561e-06","3.65495180708838","228.582081857261","5.9640548754561e-06","3.97115353919983","245.975542687808","5.9819051466236e-06","4.04906378650124","258.776029960736","0.00369837098034749","4.04255489906507","257.348078922358","0.00369837098034749","3.93881480509864","247.475868557208","0.00369837098034749","3.80880018309602","235.112067368266","0.00369837098034749","3.7971690669909","232.683408249658","0.00369837098034749"
9.375,"3.96406312034499","259.403553107608","4.50498651241117e-06","3.95933131863865","258.677711959574","4.50841218483477e-06","3.82079567643576","246.63493359506","4.50841218483477e-06","3.65662740469735","232.238709261958","4.50841218483477e-06","3.97204233342231","249.947585021231","4.52198979759229e-06","4.06411195662343","262.84014191736","0.00325044793208609","4.05765501510256","261.40573393746","0.00325044793208609","3.95468442301537","251.430552980224","0.00325044793208609","3.82560568303711","238.937673051303","0.00325044793208609","3.81406527716193","236.49747352682","0.00325044793208609"
9.5,"3.97243307136674","263.375986178974","3.43411200433944e-06","3.9677352032841","262.645447162858","3.43642215110274e-06","3.82999208070351","250.464925675764","3.43642215110274e-06","3.66671368397894","235.905422945937","3.43642215110274e-06","3.98189969118748","253.929484712418","3.44685728664189e-06","4.08584788837176","266.925989805731","0.00287243273772303","4.07944325993971","265.4851771974","0.00287243273772303","3.97724914955264","255.407802129776","0.00287243273772303","3.84911752704888","242.786790578352","0.00287243273772303","3.83766824729226","240.335141774112","0.00287243273772303"
9.625,"3.984180922341","267.360167101315","2.63766023545381e-06","3.97951987635627","266.624967039214","2.63904095421601e-06","3.84266534604308","254.307591021807","2.63904095421601e-06","3.68038823384783","239.585811179785","2.63904095421601e-06","3.99557450762651","257.925059220044","2.64708862142465e-06","4.10869717197026","271.034686977702","0.00255203376910397","4.10234250630028","269.5875197037","0.00255203376910397","4.00088633135014","259.408688461126","0.00255203376910397","3.87365757320134","246.660448151554","0.00255203376910397","3.86229522805184","244.197437002164","0.00255203376910397"
9.75,"3.99235792659621","271.352525027912","2.04031846019343e-06","3.98773236988938","270.612699409103","2.04083406357004e-06","3.85167552770991","258.159266549517","2.04083406357004e-06","3.69029824862801","243.276109428413","2.04083406357004e-06","4.00527107459465","261.930330294639","2.04708935201361e-06","4.12859518861334","275.163282166315","0.00227896818690317","4.12228534557706","273.709805049277","0.00227896818690317","4.02148887684789","263.430177337974","0.00227896818690317","3.89507022973678","250.55551838129","0.00227896818690317","3.88378614660834","248.081223148772","0.00227896818690317"
9.875,"3.99380620189916","275.346331229811","1.58928933239774e-06","3.98920682351276","274.601906232616","1.58940522350895e-06","3.85356207553929","262.012828625056","1.58940522350895e-06","3.69264726508959","246.968756693503","1.58940522350895e-06","4.00699326908515","265.937323563724","1.59430520863242e-06","4.13281822176896","279.296100388084","0.00204457198516694","4.12655619465897","277.836361243936","0.00204457198516694","4.0264622029751","267.456639540949","0.00204457198516694","3.90090820909394","254.456426590384","0.00204457198516694","3.88970721489389","251.970930363666","0.00204457198516694"
10,"3.99024253942811","279.336573769239","1.24621967489102e-06","3.98565692933107","278.587563161947","1.2462471759532e-06","3.85023167274222","265.863060297798","1.2462471759532e-06","3.68956200234911","250.658318695852","1.2462471759532e-06","4.00297608998182","269.940299653706","1.25009197511666e-06","4.1269287090776","283.423029097162","0.00184202534121614","4.12071878128228","281.957080025219","0.00184202534121614","4.02139974489992","271.478039285849","0.00184202534121614","3.8968003031055","258.35322689349","0.00184202534121614","3.88568991998354","255.85662028365","0.00184202534121614"
10.125,"3.98558184739692","283.322155616636","9.83061041593653e-07","3.98099831753459","282.568561479482","9.83145415464567e-07","3.84589729870584","269.708957596504","9.83145415464567e-07","3.68559287021254","254.343911566064","9.83145415464567e-07","3.99800339469083","273.938303048397","9.86181724905899e-07","4.12199819489141","287.545027292053","0.00166609923092766","4.11583644348993","286.072916468709","0.00166609923092766","4.01722935184117","275.49526863769","0.00166609923092766","3.89350972585186","262.246736619342","0.00166609923092766","3.88248305366808","259.739103337318","0.00166609923092766"
10.25,"3.98139441398531","287.303550030621","7.78645878155923e-07","3.97682640889704","286.545387888379","7.78845950086522e-07","3.8420401510812","273.550997747586","7.78845950086522e-07","3.68209141271337","258.026002978778","7.78845950086522e-07","3.99348539573962","277.931788444137","7.81258030241589e-07","4.12092622397104","291.665953516024","0.00151258233115817","4.11480858948421","290.187725058193","0.00151258233115817","4.01685387350878","279.512122511199","0.00151258233115817","3.89394336033176","266.140679979674","0.00151258233115817","3.88299370743154","263.622097044749","0.00151258233115817"
10.375,"3.98236201075339","291.285912041375","6.17761478714373e-07","3.9778119893297","290.523199877709","6.17652235020299e-07","3.84340019667274","277.394397944258","6.17652235020299e-07","3.68387621056557","261.709879189343","6.17652235020299e-07","3.99465346015098","281.926441904288","6.19572782437745e-07","4.13964393277981","295.805597448804","0.0013779027719612","4.13357491143686","294.32129996963","0.0013779027719612","4.03634313945106","283.54846565065","0.0013779027719612","3.91432897585474","270.055008955528","0.0013779027719612","3.90346362435043","267.5255606691","0.0013779027719612"
10.5,"3.99143379171749","295.277345833092","4.91839572286053e-07","3.98691884008564","294.510118717794","4.91688147377028e-07","3.85307931027009","281.247477254528","4.91688147377028e-07","3.69420819377975","265.404087383123","4.91688147377028e-07","4.00493142067239","285.93137332496","4.93217590252138e-07","4.16412563399095","299.969723082795","0.00125928502238519","4.15810630292928","298.479406272559","0.00125928502238519","4.06161256300885","287.610078213659","0.00125928502238519","3.94051348759925","273.995522443128","0.00125928502238519","3.9297337950847","271.455294464184","0.00125928502238519"
10.625,"4.00454166597362","299.281887499066","3.93324299273577e-07","4.00005584116879","298.510174558963","3.93209464064525e-07","3.86681102381","285.114288278338","3.93209464064525e-07","3.70862046723352","269.112707850356","3.93209464064525e-07","4.01960209557345","289.950975420533","3.94435090629631e-07","4.18764645334562","304.15736953614","0.00115430569930504","4.18167568873006","302.661081961289","0.00115430569930504","4.08590790513753","291.695986118797","0.00115430569930504","3.96571009832527","277.961232541453","0.00115430569930504","3.95501470725659","275.410309171441","0.00115430569930504"
10.75,"4.01427330921743","303.296160808283","3.15842089141223e-07","4.00980928242225","302.519983841385","3.15886463498794e-07","3.87708220469013","288.991370483028","3.15886463498794e-07","3.71948527386804","272.832193124224","3.15886463498794e-07","4.0305048474839","293.981480268017","3.16864374864562e-07","4.20818861804224","308.365558154183","0.0010610544378215","4.20226568457368","306.863347645863","0.0010610544378215","4.10721323204672","295.803199350843","0.0010610544378215","3.98790424567087","281.949136787124","0.0010610544378215","3.97729180288729","279.387600974328","0.0010610544378215"
10.875,"4.0160644778039","307.312225286087","2.5431929014393e-07","4.01161622319013","306.531600064575","2.54423933017634e-07","3.87933624226284","292.870706725291","2.54423933017634e-07","3.72225241385936","276.554445538084","2.54423933017634e-07","4.03276598895413","298.014246256971","2.55209786401484e-07","4.21428911735876","312.579847271541","0.000977840832728099","4.20841155917449","311.071759205037","0.000977840832728099","4.11403764591399","299.917236996757","0.000977840832728099","3.99557385147389","285.944710638598","0.000977840832728099","3.9850397552664","283.372640729595","0.000977840832728099"
11,"4.01321839108545","311.325443677172","2.0516860253748e-07","4.00878840299388","310.540388467569","2.05241834274149e-07","3.87691852133582","296.747625246627","2.05241834274149e-07","3.72030582558866","280.274751363672","2.05241834274149e-07","4.03000564712046","302.044251904092","2.05873476721762e-07","4.21119065725443","316.791037928796","0.000903300640462316","4.20536138905767","315.277120594095","0.000903300640462316","4.11171526382378","304.028952260581","0.000903300640462316","3.99415642139075","289.938867059988","0.000903300640462316","3.98370603336921","287.356346762964","0.000903300640462316"
11.125,"4.01047587637618","315.335919553549","1.65820586218988e-07","4.00605224574431","314.546440713313","1.65855722221901e-07","3.8745538333714","300.622179079999","1.65855722221901e-07","3.71836666326142","283.993118026934","1.65855722221901e-07","4.02730722658609","306.071559130678","1.66365629901751e-07","4.20631425162064","320.997352180416","0.000836303246804124","4.20053508020143","319.477655674296","0.000836303246804124","4.10764385456338","308.136596115144","0.000836303246804124","3.9910242441147","293.929891304103","0.000836303246804124","3.98066040103939","291.337007164003","0.000836303246804124"
11.25,"4.00817891045532","319.344098464004","1.34211871879768e-07","4.00377149203246","318.550212205346","1.34256415789659e-07","3.87263739091984","304.494816470918","1.34256415789659e-07","3.71686710626058","287.709985133194","1.34256415789659e-07","4.02507221678004","310.096631347458","1.3466546418822e-07","4.20195349969428","325.199305680111","0.000775727299798178","4.19621580563909","323.673871479935","0.000775727299798178","4.10395061182206","312.240546726966","0.000775727299798178","3.98811324875066","297.918004552854","0.000775727299798178","3.97782145696668","295.31482862097","0.000775727299798178"
11.375,"4.01042953970214","323.354528003706","1.08668939070885e-07","4.00603748546308","322.556249690809","1.0870541815398e-07","3.87525944496468","308.370075915883","1.0870541815398e-07","3.71989531130975","291.429880444504","1.0870541815398e-07","4.02774152079467","314.124372868253","1.09035204170776e-07","4.20291533814736","329.402221018258","0.000720528886084092","4.19720957376905","327.871081053704","0.000720528886084092","4.10541874087523","316.345965467842","0.000720528886084092","3.99017917508648","301.90818372794","0.000720528886084092","3.97994282755551","299.294771448525","0.000720528886084092"
11.5,"4.01780957773167","327.372337581438","8.81291688289212e-08","4.01343523535438","326.569684926163","8.8169790033254e-08","3.88306913657182","312.253145052455","8.8169790033254e-08","3.72817454942378","295.158054993928","8.8169790033254e-08","4.03604825347545","318.160421121728","8.84364280932003e-08","4.21224701221349","333.614468030472","0.000670423895932782","4.20657348863838","332.077654542343","0.000670423895932782","4.11526580507159","320.461231272913","0.000670423895932782","4.00063436334981","305.90881809129","0.000670423895932782","3.99045425364555","303.285225702171","0.000670423895932782"
11.625,"4.02846761990031","331.400805201338","7.16285997474379e-08","4.0241191425877","330.593804068751","7.16648147263248e-08","3.89425348624353","316.147398538698","7.16648147263248e-08","3.73992969826493","298.897984692193","7.16648147263248e-08","4.04808197817531","322.208503099903","7.18798542610284e-08","4.23056516835907","337.845033198831","0.00062497535004278","4.22492336113178","336.302577903474","0.00062497535004278","4.13409905848844","324.595330331402","0.00062497535004278","4.02007577781999","309.92889386911","0.00062497535004278","4.00995143658314","307.295177138754","0.00062497535004278"
11.75,"4.03807884797494","335.438884049313","5.8350090642144e-08","4.03375089337328","334.627554962124","5.83861640995071e-08","3.90444429594453","320.051842834643","5.83861640995071e-08","3.75075758036342","302.648742272556","5.83861640995071e-08","4.05914035678002","326.267643456683","5.85604193765915e-08","4.24063559366313","342.085668792494","0.000583666795258225","4.23502079374054","340.537598697215","0.000583666795258225","4.1446003894148","328.739930720817","0.000583666795258225","4.03108883725625","313.959982706366","0.000583666795258225","4.02101157245821","311.316188711212","0.000583666795258225"
11.875,"4.04031480856808","339.479198857881","4.76177099436764e-08","4.03600454031083","338.663559502435","4.76516385132725e-08","3.90722472901567","323.959067563659","4.76516385132725e-08","3.75413840045853","306.402880673015","4.76516385132725e-08","4.06225700017228","330.329900456856","4.77927971256414e-08","4.23999306863229","346.325661861126","0.000545900354718178","4.23441194831253","344.772010645528","0.000545900354718178","4.14450433176418","332.884435052581","0.000545900354718178","4.03163723394334","317.99161994031","0.000545900354718178","4.02161837922253","315.337807090435","0.000545900354718178"
12,"4.03841877857988","343.517617636461","3.89227121092614e-08","4.03413149536796","342.697690997803","3.8950533878006e-08","3.90593877076409","327.865006334423","3.8950533878006e-08","3.75352266611809","310.156403339133","3.8950533878006e-08","4.06109639863196","334.390996855488","3.90652556066734e-08","4.23660613103976","350.562267992166","0.000511232730740381","4.2310619206436","349.003072566171","0.000511232730740381","4.14172308669169","337.026158139272","0.000511232730740381","4.02956883901825","322.021188779328","0.000511232730740381","4.01961436678311","319.357421457218","0.000511232730740381"
12.125,"4.03725266157302","347.554870298034","3.18715439460727e-08","4.03297944321086","346.730670441014","3.18949008693551e-08","3.90543155993541","331.770437894358","3.18949008693551e-08","3.75375174270016","313.910155081833","3.18949008693551e-08","4.06087021551689","338.451867071005","3.19878005015291e-08","4.23275429306791","354.795022285234","0.000479358890079855","4.22724519589573","353.230317762067","0.000479358890079855","4.13844625889445","341.164604398167","0.000479358890079855","4.02696956844528","326.048158347773","0.000479358890079855","4.01707613835591","323.374497595574","0.000479358890079855"
12.25,"4.03681272941729","351.591683027451","2.61364336732397e-08","4.03255787474622","350.76322831576","2.61582439059844e-08","3.90561841693764","335.676056311296","2.61582439059844e-08","3.75463110117543","317.664786183009","2.61582439059844e-08","4.06136346108106","342.513230532086","2.62339700249551e-08","4.2299641152235","359.024986400457","0.00044994747975094","4.22448504897598","357.454802811043","0.00044994747975094","4.13614378965006","345.300748187817","0.00044994747975094","4.02524479029728","330.07340313807","0.00044994747975094","4.01540339181994","327.389900987394","0.00044994747975094"
12.375,"4.03980575836118","355.631488785813","2.14500741911263e-08","4.03557431605547","354.798802631816","2.14658080428445e-08","3.90929352650319","339.585349837799","2.14658080428445e-08","3.759053850879","321.423840033888","2.14658080428445e-08","4.06568146867963","346.578912000765","2.15273910988366e-08","4.23920522671167","363.264191627169","0.000422637450697574","4.23376142126158","361.688564232304","0.000422637450697574","4.1459661544628","349.44671434228","0.000422637450697574","4.03575190263465","334.109155040705","0.000422637450697574","4.02597155854997","331.415872545944","0.000422637450697574"
12.5,"4.0492114915144","359.680700277327","1.76381319459555e-08","4.04500765952134","358.843810291337","1.76512064058849e-08","3.91940349354856","343.504753331348","1.76512064058849e-08","3.76993093348351","325.193770967371","1.76512064058849e-08","4.07693912666728","350.655851127433","1.77013692580811e-08","4.25670940999585","367.520901037165","0.000397441098002555","4.25129802389641","365.939862256201","0.000397441098002555","4.16400638580064","353.61072072808","0.000397441098002555","4.05442531866983","338.163580359375","0.000397441098002555","4.04470128911982","335.460573835064","0.000397441098002555"
