River Mile,1830H,1835H,1840H,1845H,1830M,1835M,1840M,1845M,1830L,1835L,1840L,1845L
1760.98,0,0,0,0,5.12E-27,5.02E-27,4.98E-27,5.00E-27,2.55E-06,2.52E-06,2.52E-06,2.56E-06
1760.52,0,0,0,0,6.20E-27,6.09E-27,6.04E-27,6.06E-27,2.88E-06,2.85E-06,2.85E-06,2.89E-06
1760.095,0,0,0,0,6.67E-27,6.55E-27,6.50E-27,6.53E-27,2.94E-06,2.90E-06,2.91E-06,2.95E-06
1759.6,0,0,0,0,6.40E-27,6.29E-27,6.24E-27,6.26E-27,2.65E-06,2.62E-06,2.62E-06,2.66E-06
1759.055,0,0,0,0,6.42E-27,6.30E-27,6.25E-27,6.28E-27,2.45E-06,2.42E-06,2.43E-06,2.46E-06
1758.49,0,0,0,0,7.20E-27,7.07E-27,7.01E-27,7.04E-27,2.58E-06,2.55E-06,2.55E-06,2.59E-06
1757.89,0,0,0,0,7.77E-27,7.63E-27,7.57E-27,7.60E-27,2.63E-06,2.60E-06,2.60E-06,2.64E-06
1757.35,0,0,0,0,9.10E-27,8.93E-27,8.86E-27,8.89E-27,2.84E-06,2.81E-06,2.81E-06,2.85E-06
1756.84,0,0,0,0,1.08E-26,1.06E-26,1.05E-26,1.05E-26,3.03E-06,2.99E-06,3.00E-06,3.04E-06
1756.315,0,0,0,0,1.27E-26,1.24E-26,1.23E-26,1.24E-26,3.21E-06,3.17E-06,3.17E-06,3.21E-06
1755.795,0,0,0,0,1.50E-26,1.47E-26,1.46E-26,1.47E-26,3.47E-06,3.43E-06,3.44E-06,3.48E-06
1755.28,0,0,0,0,1.62E-26,1.59E-26,1.58E-26,1.58E-26,3.36E-06,3.32E-06,3.33E-06,3.37E-06
1754.77,0,0,0,0,1.63E-26,1.60E-26,1.59E-26,1.60E-26,3.12E-06,3.08E-06,3.08E-06,3.12E-06
1754.265,0,0,0,0,1.80E-26,1.77E-26,1.76E-26,1.76E-26,3.28E-06,3.24E-06,3.25E-06,3.29E-06
1753.75,3.41E-42,3.34E-42,3.29E-42,3.28E-42,1.85E-26,1.81E-26,1.80E-26,1.81E-26,3.10E-06,3.07E-06,3.07E-06,3.11E-06
1753.205,8.28E-42,8.11E-42,8.00E-42,7.96E-42,2.85E-26,2.80E-26,2.78E-26,2.79E-26,4.03E-06,3.98E-06,3.99E-06,4.04E-06
1752.675,1.74E-41,1.70E-41,1.68E-41,1.67E-41,4.64E-26,4.55E-26,4.52E-26,4.53E-26,5.78E-06,5.71E-06,5.72E-06,5.79E-06
1752.16,2.34E-41,2.29E-41,2.26E-41,2.25E-41,5.32E-26,5.23E-26,5.18E-26,5.21E-26,6.07E-06,5.99E-06,6.01E-06,6.09E-06
1751.635,3.21E-41,3.14E-41,3.10E-41,3.09E-41,6.30E-26,6.19E-26,6.14E-26,6.16E-26,6.61E-06,6.52E-06,6.54E-06,6.63E-06
1751.185,3.35E-41,3.28E-41,3.23E-41,3.22E-41,6.09E-26,5.98E-26,5.93E-26,5.96E-26,6.10E-06,6.03E-06,6.04E-06,6.12E-06
1750.635,3.18E-41,3.12E-41,3.07E-41,3.06E-41,5.24E-26,5.14E-26,5.10E-26,5.12E-26,4.84E-06,4.78E-06,4.79E-06,4.86E-06
1750.01,4.15E-41,4.06E-41,4.00E-41,3.99E-41,5.84E-26,5.73E-26,5.68E-26,5.71E-26,4.91E-06,4.85E-06,4.86E-06,4.92E-06
1749.47,4.63E-41,4.54E-41,4.47E-41,4.46E-41,5.87E-26,5.76E-26,5.71E-26,5.74E-26,4.73E-06,4.67E-06,4.68E-06,4.74E-06
1748.895,3.09E-41,3.03E-41,2.98E-41,2.97E-41,3.52E-26,3.46E-26,3.43E-26,3.44E-26,2.75E-06,2.72E-06,2.72E-06,2.76E-06
1748.345,1.46E-40,1.43E-40,1.41E-40,1.40E-40,4.41E-26,4.33E-26,4.29E-26,4.31E-26,2.99E-06,2.95E-06,2.95E-06,2.99E-06
1747.845,2.95E-40,2.89E-40,2.85E-40,2.84E-40,5.60E-26,5.50E-26,5.46E-26,5.48E-26,3.65E-06,3.61E-06,3.61E-06,3.66E-06
1747.38,3.77E-40,3.69E-40,3.64E-40,3.63E-40,3.29E-26,3.23E-26,3.20E-26,3.21E-26,2.01E-06,1.98E-06,1.98E-06,2.01E-06
1746.925,1.56E-39,1.53E-39,1.51E-39,1.50E-39,3.70E-26,3.64E-26,3.61E-26,3.62E-26,2.11E-06,2.09E-06,2.09E-06,2.12E-06
1746.42,5.10E-39,4.99E-39,4.92E-39,4.90E-39,5.16E-26,5.07E-26,5.03E-26,5.05E-26,2.92E-06,2.88E-06,2.89E-06,2.92E-06
1745.96,1.96E-38,1.92E-38,1.89E-38,1.88E-38,8.94E-26,8.78E-26,8.71E-26,8.74E-26,4.80E-06,4.74E-06,4.75E-06,4.81E-06
1745.465,4.25E-38,4.17E-38,4.11E-38,4.09E-38,1.26E-25,1.23E-25,1.22E-25,1.23E-25,6.39E-06,6.31E-06,6.32E-06,6.41E-06
1744.885,4.90E-38,4.80E-38,4.73E-38,4.71E-38,9.30E-26,9.13E-26,9.05E-26,9.09E-26,4.39E-06,4.34E-06,4.35E-06,4.41E-06
1744.325,8.92E-38,8.74E-38,8.62E-38,8.58E-38,6.55E-26,6.43E-26,6.38E-26,6.40E-26,2.77E-06,2.74E-06,2.74E-06,2.78E-06
1743.795,2.27E-37,2.23E-37,2.20E-37,2.19E-37,7.29E-26,7.16E-26,7.10E-26,7.13E-26,2.93E-06,2.89E-06,2.90E-06,2.94E-06
1743.305,5.97E-37,5.85E-37,5.76E-37,5.74E-37,8.20E-26,8.06E-26,7.99E-26,8.02E-26,2.94E-06,2.91E-06,2.91E-06,2.95E-06
1742.835,1.72E-36,1.68E-36,1.66E-36,1.65E-36,1.12E-25,1.10E-25,1.09E-25,1.09E-25,3.42E-06,3.38E-06,3.39E-06,3.43E-06
1742.365,3.91E-36,3.83E-36,3.77E-36,3.76E-36,1.53E-25,1.50E-25,1.49E-25,1.50E-25,4.37E-06,4.32E-06,4.33E-06,4.38E-06
1741.895,6.27E-36,6.14E-36,6.05E-36,6.03E-36,1.75E-25,1.72E-25,1.71E-25,1.71E-25,5.08E-06,5.02E-06,5.03E-06,5.09E-06
1741.38,9.61E-36,9.41E-36,9.28E-36,9.24E-36,1.79E-25,1.75E-25,1.74E-25,1.75E-25,5.03E-06,4.97E-06,4.98E-06,5.04E-06
1740.825,1.38E-35,1.35E-35,1.33E-35,1.33E-35,1.60E-25,1.57E-25,1.56E-25,1.56E-25,4.31E-06,4.25E-06,4.26E-06,4.32E-06
1740.16,2.25E-35,2.21E-35,2.17E-35,2.17E-35,1.33E-25,1.31E-25,1.30E-25,1.30E-25,3.50E-06,3.46E-06,3.47E-06,3.51E-06
1739.51,8.52E-35,8.35E-35,8.23E-35,8.20E-35,1.20E-25,1.18E-25,1.17E-25,1.17E-25,3.05E-06,3.02E-06,3.02E-06,3.06E-06
1738.97,1.55E-34,1.52E-34,1.50E-34,1.49E-34,1.18E-25,1.15E-25,1.15E-25,1.15E-25,2.89E-06,2.86E-06,2.86E-06,2.90E-06
1738.43,3.10E-34,3.04E-34,2.99E-34,2.98E-34,1.36E-25,1.34E-25,1.32E-25,1.33E-25,3.17E-06,3.13E-06,3.14E-06,3.18E-06
1737.905,1.04E-33,1.02E-33,1.01E-33,1.00E-33,1.64E-25,1.61E-25,1.60E-25,1.60E-25,3.56E-06,3.52E-06,3.53E-06,3.57E-06
1737.36,6.09E-33,5.97E-33,5.88E-33,5.86E-33,3.04E-25,2.98E-25,2.96E-25,2.97E-25,5.34E-06,5.28E-06,5.29E-06,5.36E-06
1736.815,1.23E-32,1.21E-32,1.19E-32,1.19E-32,4.00E-25,3.93E-25,3.90E-25,3.91E-25,6.42E-06,6.34E-06,6.35E-06,6.44E-06
1736.395,2.36E-32,2.32E-32,2.28E-32,2.27E-32,4.70E-25,4.61E-25,4.57E-25,4.59E-25,6.80E-06,6.72E-06,6.73E-06,6.82E-06
1736.115,3.34E-32,3.28E-32,3.23E-32,3.22E-32,5.55E-25,5.45E-25,5.40E-25,5.43E-25,7.58E-06,7.48E-06,7.50E-06,7.60E-06
1735.715,4.72E-32,4.62E-32,4.56E-32,4.54E-32,6.23E-25,6.12E-25,6.07E-25,6.09E-25,8.04E-06,7.94E-06,7.96E-06,8.06E-06
1735.2,5.86E-32,5.74E-32,5.66E-32,5.63E-32,6.00E-25,5.90E-25,5.85E-25,5.87E-25,7.46E-06,7.37E-06,7.38E-06,7.48E-06
1734.725,4.59E-32,4.50E-32,4.44E-32,4.42E-32,3.63E-25,3.56E-25,3.54E-25,3.55E-25,4.51E-06,4.46E-06,4.47E-06,4.53E-06
1734.245,1.44E-31,1.41E-31,1.39E-31,1.39E-31,2.48E-25,2.43E-25,2.41E-25,2.42E-25,2.99E-06,2.95E-06,2.96E-06,2.99E-06
1733.76,5.88E-31,5.76E-31,5.68E-31,5.66E-31,4.22E-25,4.14E-25,4.11E-25,4.12E-25,4.59E-06,4.53E-06,4.54E-06,4.60E-06
1733.295,6.94E-31,6.80E-31,6.70E-31,6.67E-31,4.89E-25,4.80E-25,4.76E-25,4.78E-25,4.96E-06,4.90E-06,4.91E-06,4.97E-06
1732.825,1.23E-30,1.20E-30,1.19E-30,1.18E-30,7.31E-25,7.17E-25,7.12E-25,7.15E-25,6.23E-06,6.15E-06,6.17E-06,6.25E-06
1732.335,2.92E-30,2.86E-30,2.82E-30,2.81E-30,1.23E-24,1.21E-24,1.20E-24,1.20E-24,9.05E-06,8.93E-06,8.95E-06,9.07E-06
1731.86,8.16E-30,7.99E-30,7.88E-30,7.85E-30,2.56E-24,2.51E-24,2.49E-24,2.50E-24,1.57E-05,1.55E-05,1.56E-05,1.58E-05
1731.34,1.71E-29,1.67E-29,1.65E-29,1.64E-29,4.14E-24,4.06E-24,4.03E-24,4.04E-24,2.10E-05,2.07E-05,2.08E-05,2.11E-05
1730.78,1.89E-29,1.85E-29,1.82E-29,1.81E-29,3.83E-24,3.76E-24,3.73E-24,3.75E-24,1.74E-05,1.72E-05,1.72E-05,1.75E-05
1730.265,1.78E-29,1.75E-29,1.72E-29,1.71E-29,3.56E-24,3.50E-24,3.47E-24,3.48E-24,1.41E-05,1.39E-05,1.40E-05,1.41E-05
1729.765,2.15E-29,2.10E-29,2.07E-29,2.06E-29,3.86E-24,3.79E-24,3.76E-24,3.78E-24,1.30E-05,1.28E-05,1.28E-05,1.30E-05
1729.265,1.97E-29,1.93E-29,1.91E-29,1.90E-29,3.26E-24,3.20E-24,3.17E-24,3.18E-24,1.02E-05,1.01E-05,1.01E-05,1.03E-05
1728.695,1.85E-29,1.82E-29,1.79E-29,1.78E-29,2.77E-24,2.72E-24,2.70E-24,2.71E-24,8.06E-06,7.96E-06,7.98E-06,8.08E-06
1728.12,2.01E-29,1.97E-29,1.94E-29,1.93E-29,2.73E-24,2.68E-24,2.66E-24,2.67E-24,7.32E-06,7.23E-06,7.25E-06,7.34E-06
1727.6,1.87E-29,1.83E-29,1.80E-29,1.80E-29,2.31E-24,2.27E-24,2.25E-24,2.26E-24,5.70E-06,5.63E-06,5.64E-06,5.71E-06
1727.105,1.88E-29,1.84E-29,1.82E-29,1.81E-29,2.20E-24,2.16E-24,2.14E-24,2.15E-24,5.22E-06,5.15E-06,5.16E-06,5.23E-06
1726.595,2.05E-29,2.01E-29,1.98E-29,1.97E-29,2.50E-24,2.45E-24,2.43E-24,2.44E-24,6.11E-06,6.03E-06,6.04E-06,6.12E-06
1726.055,2.27E-29,2.22E-29,2.19E-29,2.18E-29,2.80E-24,2.75E-24,2.72E-24,2.73E-24,6.21E-06,6.14E-06,6.15E-06,6.23E-06
1725.51,2.37E-29,2.32E-29,2.29E-29,2.28E-29,2.74E-24,2.69E-24,2.67E-24,2.68E-24,5.35E-06,5.28E-06,5.29E-06,5.36E-06
1724.945,3.14E-29,3.08E-29,3.04E-29,3.02E-29,3.52E-24,3.46E-24,3.43E-24,3.44E-24,6.46E-06,6.37E-06,6.39E-06,6.47E-06
1724.405,3.99E-29,3.90E-29,3.85E-29,3.83E-29,4.32E-24,4.24E-24,4.21E-24,4.22E-24,7.59E-06,7.49E-06,7.51E-06,7.61E-06
1723.87,4.65E-29,4.56E-29,4.49E-29,4.48E-29,4.70E-24,4.61E-24,4.57E-24,4.59E-24,7.59E-06,7.49E-06,7.51E-06,7.61E-06
1723.33,5.78E-29,5.66E-29,5.58E-29,5.56E-29,5.43E-24,5.33E-24,5.29E-24,5.31E-24,8.08E-06,7.98E-06,7.99E-06,8.10E-06
1722.775,8.56E-29,8.38E-29,8.26E-29,8.23E-29,7.47E-24,7.34E-24,7.28E-24,7.31E-24,1.01E-05,1.00E-05,1.00E-05,1.02E-05
1722.205,1.08E-28,1.06E-28,1.05E-28,1.04E-28,8.99E-24,8.83E-24,8.76E-24,8.79E-24,1.13E-05,1.12E-05,1.12E-05,1.14E-05
1721.58,8.92E-29,8.74E-29,8.62E-29,8.58E-29,7.42E-24,7.28E-24,7.22E-24,7.25E-24,9.19E-06,9.08E-06,9.10E-06,9.22E-06
1720.98,7.13E-29,6.98E-29,6.88E-29,6.86E-29,5.74E-24,5.64E-24,5.59E-24,5.62E-24,6.77E-06,6.69E-06,6.70E-06,6.79E-06
1720.455,8.54E-29,8.37E-29,8.25E-29,8.22E-29,6.35E-24,6.24E-24,6.19E-24,6.21E-24,6.81E-06,6.73E-06,6.74E-06,6.83E-06
1719.92,1.46E-28,1.43E-28,1.41E-28,1.41E-28,1.01E-23,9.92E-24,9.84E-24,9.88E-24,9.75E-06,9.63E-06,9.65E-06,9.78E-06
1719.41,1.49E-28,1.46E-28,1.44E-28,1.43E-28,1.01E-23,9.95E-24,9.87E-24,9.91E-24,9.42E-06,9.30E-06,9.32E-06,9.45E-06
1718.9,1.63E-28,1.60E-28,1.58E-28,1.57E-28,1.06E-23,1.04E-23,1.03E-23,1.04E-23,9.21E-06,9.09E-06,9.11E-06,9.23E-06
1718.43,2.05E-28,2.01E-28,1.98E-28,1.97E-28,1.24E-23,1.22E-23,1.21E-23,1.21E-23,9.96E-06,9.84E-06,9.86E-06,9.99E-06
1718.015,1.95E-28,1.91E-28,1.88E-28,1.88E-28,1.09E-23,1.07E-23,1.06E-23,1.07E-23,8.11E-06,8.00E-06,8.02E-06,8.13E-06
1717.585,2.38E-28,2.33E-28,2.30E-28,2.29E-28,1.24E-23,1.22E-23,1.21E-23,1.22E-23,8.43E-06,8.32E-06,8.34E-06,8.45E-06
1717.095,2.94E-28,2.88E-28,2.84E-28,2.83E-28,1.48E-23,1.46E-23,1.44E-23,1.45E-23,9.52E-06,9.40E-06,9.42E-06,9.55E-06
1716.565,4.19E-28,4.11E-28,4.05E-28,4.03E-28,1.91E-23,1.88E-23,1.86E-23,1.87E-23,1.09E-05,1.08E-05,1.08E-05,1.10E-05
1716.065,5.04E-28,4.94E-28,4.87E-28,4.85E-28,2.17E-23,2.13E-23,2.11E-23,2.12E-23,1.15E-05,1.13E-05,1.14E-05,1.15E-05
1715.57,4.80E-28,4.70E-28,4.63E-28,4.61E-28,2.05E-23,2.02E-23,2.00E-23,2.01E-23,1.06E-05,1.05E-05,1.05E-05,1.06E-05
1715.055,6.70E-28,6.56E-28,6.47E-28,6.44E-28,2.76E-23,2.71E-23,2.68E-23,2.69E-23,1.34E-05,1.32E-05,1.33E-05,1.34E-05
1714.47,5.74E-28,5.62E-28,5.54E-28,5.52E-28,2.28E-23,2.24E-23,2.22E-23,2.23E-23,1.06E-05,1.05E-05,1.05E-05,1.07E-05
1713.88,5.49E-28,5.38E-28,5.31E-28,5.29E-28,1.95E-23,1.92E-23,1.90E-23,1.91E-23,8.06E-06,7.96E-06,7.97E-06,8.08E-06
1713.305,8.34E-28,8.17E-28,8.06E-28,8.02E-28,2.67E-23,2.62E-23,2.60E-23,2.61E-23,1.01E-05,9.99E-06,1.00E-05,1.01E-05
1712.75,1.11E-27,1.09E-27,1.07E-27,1.07E-27,3.09E-23,3.03E-23,3.01E-23,3.02E-23,1.06E-05,1.05E-05,1.05E-05,1.06E-05
1712.21,1.53E-27,1.50E-27,1.48E-27,1.47E-27,3.88E-23,3.81E-23,3.78E-23,3.80E-23,1.27E-05,1.26E-05,1.26E-05,1.28E-05
1711.665,1.55E-27,1.52E-27,1.50E-27,1.49E-27,3.53E-23,3.47E-23,3.44E-23,3.45E-23,1.13E-05,1.11E-05,1.12E-05,1.13E-05
1711.155,1.78E-27,1.74E-27,1.72E-27,1.71E-27,3.11E-23,3.05E-23,3.02E-23,3.04E-23,9.38E-06,9.27E-06,9.29E-06,9.41E-06
1710.685,2.25E-27,2.20E-27,2.17E-27,2.16E-27,2.63E-23,2.58E-23,2.56E-23,2.57E-23,7.48E-06,7.39E-06,7.40E-06,7.50E-06
1710.21,6.30E-27,6.17E-27,6.08E-27,6.06E-27,2.74E-23,2.69E-23,2.67E-23,2.68E-23,7.20E-06,7.11E-06,7.12E-06,7.22E-06
1709.685,1.62E-26,1.59E-26,1.57E-26,1.56E-26,3.34E-23,3.28E-23,3.25E-23,3.26E-23,8.48E-06,8.37E-06,8.39E-06,8.50E-06
1709.125,2.93E-26,2.87E-26,2.83E-26,2.82E-26,2.89E-23,2.84E-23,2.81E-23,2.83E-23,7.49E-06,7.39E-06,7.41E-06,7.51E-06
1708.595,1.04E-25,1.02E-25,1.00E-25,1.00E-25,3.01E-23,2.96E-23,2.93E-23,2.95E-23,7.10E-06,7.01E-06,7.02E-06,7.12E-06
1708.115,4.01E-25,3.93E-25,3.87E-25,3.85E-25,4.79E-23,4.71E-23,4.67E-23,4.69E-23,9.33E-06,9.21E-06,9.23E-06,9.35E-06
1707.56,1.30E-24,1.28E-24,1.26E-24,1.25E-24,8.24E-23,8.09E-23,8.02E-23,8.05E-23,1.26E-05,1.24E-05,1.25E-05,1.26E-05
1706.995,2.15E-24,2.11E-24,2.08E-24,2.07E-24,8.47E-23,8.32E-23,8.25E-23,8.28E-23,9.60E-06,9.48E-06,9.50E-06,9.62E-06
1706.455,7.78E-24,7.63E-24,7.52E-24,7.49E-24,1.90E-22,1.86E-22,1.85E-22,1.86E-22,9.03E-06,8.92E-06,8.94E-06,9.06E-06
1705.87,1.63E-23,1.59E-23,1.57E-23,1.57E-23,3.33E-22,3.27E-22,3.24E-22,3.26E-22,8.96E-06,8.85E-06,8.87E-06,8.98E-06
1705.23,7.94E-23,7.78E-23,7.67E-23,7.64E-23,1.43E-21,1.41E-21,1.40E-21,1.40E-21,9.19E-06,9.07E-06,9.09E-06,9.21E-06
1704.6,2.48E-22,2.43E-22,2.39E-22,2.38E-22,3.83E-21,3.76E-21,3.73E-21,3.75E-21,1.07E-05,1.05E-05,1.06E-05,1.07E-05
1704.03,5.56E-22,5.45E-22,5.37E-22,5.35E-22,9.16E-21,8.99E-21,8.91E-21,8.95E-21,1.01E-05,1.00E-05,1.00E-05,1.02E-05
1703.41,1.36E-21,1.33E-21,1.31E-21,1.31E-21,2.52E-20,2.47E-20,2.45E-20,2.46E-20,1.40E-05,1.38E-05,1.38E-05,1.40E-05
1702.78,2.00E-20,1.96E-20,1.93E-20,1.92E-20,3.89E-19,3.82E-19,3.79E-19,3.80E-19,1.64E-05,1.62E-05,1.63E-05,1.65E-05
1702.185,3.97E-20,3.89E-20,3.84E-20,3.82E-20,7.30E-19,7.17E-19,7.11E-19,7.14E-19,1.66E-05,1.64E-05,1.64E-05,1.66E-05
1701.68,6.08E-20,5.96E-20,5.88E-20,5.85E-20,1.91E-18,1.87E-18,1.86E-18,1.86E-18,1.50E-05,1.48E-05,1.48E-05,1.50E-05
1701.465,1.00E-19,9.84E-20,9.70E-20,9.66E-20,3.03E-18,2.97E-18,2.95E-18,2.96E-18,1.34E-05,1.32E-05,1.33E-05,1.34E-05
1701.43,1.12E-19,1.10E-19,1.09E-19,1.08E-19,3.36E-18,3.30E-18,3.27E-18,3.29E-18,1.33E-05,1.32E-05,1.32E-05,1.34E-05
1701.36,6.96E-20,6.82E-20,6.73E-20,6.70E-20,2.16E-18,2.12E-18,2.10E-18,2.11E-18,7.55E-06,7.46E-06,7.48E-06,7.57E-06
1701.035,4.05E-19,3.97E-19,3.92E-19,3.90E-19,9.94E-18,9.76E-18,9.68E-18,9.72E-18,1.11E-05,1.10E-05,1.10E-05,1.12E-05
1700.455,1.56E-18,1.53E-18,1.51E-18,1.51E-18,3.24E-17,3.18E-17,3.16E-17,3.17E-17,1.48E-05,1.46E-05,1.46E-05,1.48E-05
1699.865,3.78E-18,3.70E-18,3.65E-18,3.63E-18,7.26E-17,7.13E-17,7.07E-17,7.10E-17,1.59E-05,1.57E-05,1.57E-05,1.60E-05
1699.28,7.96E-18,7.80E-18,7.69E-18,7.66E-18,1.46E-16,1.44E-16,1.42E-16,1.43E-16,1.68E-05,1.66E-05,1.67E-05,1.69E-05
1698.645,1.16E-17,1.14E-17,1.12E-17,1.12E-17,1.98E-16,1.94E-16,1.93E-16,1.94E-16,1.26E-05,1.24E-05,1.25E-05,1.26E-05
1697.99,3.18E-17,3.12E-17,3.07E-17,3.06E-17,5.20E-16,5.10E-16,5.06E-16,5.08E-16,1.07E-05,1.06E-05,1.06E-05,1.08E-05
1697.415,1.35E-16,1.32E-16,1.31E-16,1.30E-16,2.19E-15,2.15E-15,2.13E-15,2.14E-15,1.77E-05,1.75E-05,1.75E-05,1.77E-05
1696.88,2.74E-16,2.68E-16,2.65E-16,2.64E-16,4.51E-15,4.43E-15,4.39E-15,4.41E-15,1.83E-05,1.80E-05,1.81E-05,1.83E-05
1696.315,5.59E-16,5.48E-16,5.40E-16,5.38E-16,8.52E-15,8.36E-15,8.29E-15,8.33E-15,1.57E-05,1.55E-05,1.55E-05,1.57E-05
1695.75,1.32E-15,1.30E-15,1.28E-15,1.27E-15,1.93E-14,1.90E-14,1.88E-14,1.89E-14,1.76E-05,1.74E-05,1.75E-05,1.77E-05
1695.18,2.97E-15,2.91E-15,2.87E-15,2.86E-15,3.95E-14,3.88E-14,3.85E-14,3.87E-14,1.81E-05,1.79E-05,1.79E-05,1.82E-05
1694.645,5.80E-15,5.68E-15,5.60E-15,5.58E-15,7.62E-14,7.48E-14,7.42E-14,7.45E-14,1.89E-05,1.86E-05,1.87E-05,1.89E-05
1694.11,1.06E-14,1.04E-14,1.02E-14,1.02E-14,1.40E-13,1.37E-13,1.36E-13,1.37E-13,1.94E-05,1.92E-05,1.92E-05,1.95E-05
1693.555,2.27E-14,2.23E-14,2.19E-14,2.19E-14,2.80E-13,2.75E-13,2.72E-13,2.73E-13,1.99E-05,1.96E-05,1.97E-05,1.99E-05
1693.02,4.39E-14,4.30E-14,4.24E-14,4.22E-14,5.15E-13,5.06E-13,5.01E-13,5.03E-13,2.01E-05,1.99E-05,1.99E-05,2.02E-05
1692.465,8.21E-14,8.04E-14,7.93E-14,7.90E-14,9.42E-13,9.25E-13,9.17E-13,9.21E-13,2.01E-05,1.99E-05,1.99E-05,2.02E-05
1691.89,1.32E-13,1.29E-13,1.28E-13,1.27E-13,1.44E-12,1.42E-12,1.41E-12,1.41E-12,1.73E-05,1.70E-05,1.71E-05,1.73E-05
1691.35,2.70E-13,2.65E-13,2.61E-13,2.60E-13,2.66E-12,2.62E-12,2.59E-12,2.61E-12,1.41E-05,1.39E-05,1.39E-05,1.41E-05
1690.825,1.37E-12,1.34E-12,1.32E-12,1.31E-12,1.16E-11,1.14E-11,1.13E-11,1.14E-11,1.73E-05,1.70E-05,1.71E-05,1.73E-05
1690.21,3.84E-12,3.76E-12,3.71E-12,3.70E-12,3.04E-11,2.98E-11,2.96E-11,2.97E-11,2.14E-05,2.11E-05,2.12E-05,2.15E-05
1689.59,5.81E-12,5.69E-12,5.61E-12,5.59E-12,4.69E-11,4.60E-11,4.57E-11,4.59E-11,1.87E-05,1.85E-05,1.85E-05,1.88E-05
1689.055,1.58E-11,1.55E-11,1.53E-11,1.52E-11,1.51E-10,1.48E-10,1.47E-10,1.47E-10,1.80E-05,1.78E-05,1.78E-05,1.81E-05
1688.56,3.94E-11,3.86E-11,3.80E-11,3.79E-11,3.47E-10,3.41E-10,3.38E-10,3.39E-10,2.04E-05,2.02E-05,2.02E-05,2.05E-05
1688.045,1.01E-10,9.90E-11,9.76E-11,9.72E-11,7.89E-10,7.75E-10,7.69E-10,7.72E-10,2.19E-05,2.17E-05,2.17E-05,2.20E-05
1687.51,1.98E-10,1.94E-10,1.91E-10,1.90E-10,1.45E-09,1.42E-09,1.41E-09,1.42E-09,2.19E-05,2.17E-05,2.17E-05,2.20E-05
1686.985,3.71E-10,3.63E-10,3.58E-10,3.57E-10,2.57E-09,2.53E-09,2.50E-09,2.52E-09,2.02E-05,1.99E-05,2.00E-05,2.02E-05
1686.475,8.62E-10,8.45E-10,8.33E-10,8.30E-10,5.48E-09,5.38E-09,5.34E-09,5.36E-09,2.07E-05,2.04E-05,2.04E-05,2.07E-05
1685.97,2.23E-09,2.18E-09,2.15E-09,2.14E-09,1.26E-08,1.24E-08,1.23E-08,1.23E-08,2.18E-05,2.16E-05,2.16E-05,2.19E-05
1685.46,3.93E-09,3.85E-09,3.80E-09,3.78E-09,2.17E-08,2.13E-08,2.11E-08,2.12E-08,2.02E-05,2.00E-05,2.00E-05,2.03E-05
1684.91,8.71E-09,8.53E-09,8.41E-09,8.38E-09,4.47E-08,4.39E-08,4.35E-08,4.37E-08,1.88E-05,1.86E-05,1.86E-05,1.89E-05
1684.325,2.05E-08,2.01E-08,1.98E-08,1.97E-08,1.02E-07,1.00E-07,9.96E-08,1.00E-07,2.09E-05,2.06E-05,2.07E-05,2.10E-05
1683.65,4.26E-08,4.18E-08,4.12E-08,4.10E-08,2.20E-07,2.16E-07,2.14E-07,2.15E-07,2.45E-05,2.42E-05,2.43E-05,2.46E-05
1682.97,9.58E-08,9.39E-08,9.26E-08,9.22E-08,6.62E-07,6.50E-07,6.44E-07,6.47E-07,2.74E-05,2.71E-05,2.71E-05,2.75E-05
1682.445,2.11E-07,2.06E-07,2.03E-07,2.03E-07,1.35E-06,1.32E-06,1.31E-06,1.32E-06,2.92E-05,2.88E-05,2.89E-05,2.93E-05
1682.03,3.52E-07,3.45E-07,3.40E-07,3.39E-07,2.14E-06,2.10E-06,2.09E-06,2.10E-06,2.88E-05,2.85E-05,2.85E-05,2.89E-05
1681.61,5.66E-07,5.55E-07,5.47E-07,5.45E-07,3.68E-06,3.62E-06,3.59E-06,3.60E-06,2.83E-05,2.80E-05,2.80E-05,2.84E-05
1681.13,1.07E-06,1.04E-06,1.03E-06,1.03E-06,1.08E-05,1.06E-05,1.05E-05,1.06E-05,3.85E-05,3.80E-05,3.81E-05,3.86E-05
1680.56,4.95E-06,4.85E-06,4.78E-06,4.76E-06,4.16E-05,4.09E-05,4.05E-05,4.07E-05,8.43E-05,8.32E-05,8.34E-05,8.45E-05
1679.85,1.85E-05,1.81E-05,1.78E-05,1.78E-05,0.000142616,0.000140057,0.000138859,0.000139476,0.000227848,0.000224988,0.000225481,0.000228453
1678.225,4.63E-05,4.54E-05,4.47E-05,4.45E-05,0.000321518,0.00031575,0.000313049,0.000314439,0.000459128,0.000453364,0.000454359,0.000460347
1677.655,4.28E-05,4.20E-05,4.14E-05,4.12E-05,0.000300866,0.000295468,0.00029294,0.000294241,0.000435917,0.000430444,0.000431388,0.000437074
1677.08,3.61E-05,3.54E-05,3.49E-05,3.48E-05,0.000265887,0.000261117,0.000258883,0.000260032,0.000401286,0.000396249,0.000397118,0.000402351
1676.52,3.88E-05,3.80E-05,3.75E-05,3.73E-05,0.000279472,0.000274458,0.00027211,0.000273318,0.000417578,0.000412336,0.00041324,0.000418686
1675.915,4.17E-05,4.08E-05,4.02E-05,4.01E-05,0.000286732,0.000281588,0.000279179,0.000280418,0.000416337,0.000411111,0.000412012,0.000417442
1675.31,4.75E-05,4.65E-05,4.58E-05,4.57E-05,0.000326714,0.000320852,0.000318107,0.000319519,0.000469893,0.000463994,0.000465012,0.00047114
1674.705,5.55E-05,5.44E-05,5.36E-05,5.34E-05,0.000323626,0.000317819,0.000315101,0.000316499,0.000475026,0.000469062,0.000470091,0.000476287
1674.115,5.35E-05,5.24E-05,5.17E-05,5.15E-05,0.000304141,0.000298684,0.000296129,0.000297444,0.000450875,0.000445215,0.000446192,0.000452072
1673.57,5.79E-05,5.68E-05,5.60E-05,5.57E-05,0.000377857,0.000371078,0.000367903,0.000369537,0.000541136,0.000534342,0.000535514,0.000542572
1673.025,6.02E-05,5.90E-05,5.82E-05,5.80E-05,0.000392413,0.000385372,0.000382075,0.000383771,0.000560229,0.000553196,0.000554409,0.000561716
1672.485,5.84E-05,5.72E-05,5.64E-05,5.61E-05,0.000390442,0.000383436,0.000380156,0.000381844,0.000566054,0.000558948,0.000560174,0.000567556
1671.985,6.37E-05,6.24E-05,6.15E-05,6.12E-05,0.000422408,0.000414829,0.000411281,0.000413106,0.000610297,0.000602635,0.000603957,0.000611917
1671.53,5.84E-05,5.73E-05,5.64E-05,5.62E-05,0.000388418,0.000381449,0.000378186,0.000379865,0.000563084,0.000556015,0.000557235,0.000564578
1671.065,5.82E-05,5.71E-05,5.63E-05,5.60E-05,0.000379448,0.00037264,0.000369453,0.000371093,0.000549642,0.000542742,0.000543933,0.000551101
1670.46,6.31E-05,6.18E-05,6.09E-05,6.07E-05,0.000405754,0.000398474,0.000395065,0.000396819,0.000584434,0.000577097,0.000578363,0.000585985
1669.805,6.16E-05,6.03E-05,5.95E-05,5.92E-05,0.000393993,0.000386924,0.000383614,0.000385317,0.000561858,0.000554805,0.000556021,0.000563349
1669.25,6.10E-05,5.98E-05,5.89E-05,5.87E-05,0.000381195,0.000374356,0.000371154,0.000372801,0.000536754,0.000530015,0.000531178,0.000538178
1668.7,5.82E-05,5.70E-05,5.62E-05,5.60E-05,0.000363512,0.00035699,0.000353936,0.000355508,0.000522375,0.000515817,0.000516949,0.000523762
1668.15,5.71E-05,5.60E-05,5.52E-05,5.50E-05,0.000362289,0.000355789,0.000352745,0.000354311,0.000532385,0.000525702,0.000526855,0.000533798
1667.625,6.31E-05,6.18E-05,6.09E-05,6.07E-05,0.000393005,0.000385954,0.000382652,0.000384351,0.00057202,0.000564839,0.000566078,0.000573539
1667.125,5.38E-05,5.28E-05,5.20E-05,5.18E-05,0.000324919,0.000319089,0.000316359,0.000317764,0.000449146,0.000443508,0.00044448,0.000450338
1666.605,4.76E-05,4.67E-05,4.60E-05,4.58E-05,0.000296372,0.000291055,0.000288565,0.000289846,0.00040686,0.000401752,0.000402633,0.00040794
1666.095,5.56E-05,5.45E-05,5.37E-05,5.35E-05,0.000359189,0.000352744,0.000349727,0.000351279,0.000517618,0.00051112,0.000512241,0.000518992
1665.59,6.07E-05,5.95E-05,5.86E-05,5.84E-05,0.000379925,0.000373109,0.000369917,0.000371559,0.000536091,0.000529361,0.000530522,0.000537514
1665.05,6.55E-05,6.42E-05,6.33E-05,6.31E-05,0.000402007,0.000394795,0.000391417,0.000393155,0.000556458,0.000549473,0.000550678,0.000557935
1664.48,5.10E-05,5.00E-05,4.93E-05,4.91E-05,0.000313232,0.000307612,0.000304981,0.000306335,0.000438991,0.00043348,0.00043443,0.000440156
1663.92,4.94E-05,4.84E-05,4.77E-05,4.75E-05,0.000302492,0.000297065,0.000294524,0.000295831,0.000414561,0.000409357,0.000410254,0.000415661
1663.57,5.57E-05,5.46E-05,5.38E-05,5.36E-05,0.000347262,0.000341032,0.000338115,0.000339616,0.000469474,0.000463581,0.000464597,0.00047072
1663.42,5.03E-05,4.93E-05,4.86E-05,4.84E-05,0.000329035,0.000323131,0.000320367,0.000321789,0.000476511,0.000470529,0.000471561,0.000477776
1663.34,5.22E-05,5.11E-05,5.04E-05,5.02E-05,0.000350931,0.000344634,0.000341686,0.000343203,0.000531489,0.000524817,0.000525968,0.000532899
1663.235,5.58E-05,5.47E-05,5.39E-05,5.37E-05,0.000359609,0.000353157,0.000350136,0.00035169,0.000516757,0.00051027,0.000511389,0.000518129
1662.86,5.60E-05,5.48E-05,5.41E-05,5.38E-05,0.000362405,0.000355903,0.000352858,0.000354424,0.000523211,0.000516643,0.000517776,0.0005246
1662.23,5.37E-05,5.26E-05,5.19E-05,5.17E-05,0.000290308,0.0002851,0.000282661,0.000283915,0.000434312,0.000428859,0.0004298,0.000435464
1661.64,6.64E-05,6.51E-05,6.41E-05,6.39E-05,0.000367596,0.000361001,0.000357913,0.000359502,0.000542204,0.000535398,0.000536572,0.000543643
1661.14,6.22E-05,6.09E-05,6.01E-05,5.98E-05,0.000342274,0.000336133,0.000333258,0.000334737,0.00050542,0.000499075,0.00050017,0.000506761
1660.58,6.31E-05,6.18E-05,6.09E-05,6.07E-05,0.000310776,0.0003052,0.000302589,0.000303932,0.000462015,0.000456215,0.000457215,0.000463241
1659.74,7.00E-05,6.86E-05,6.76E-05,6.74E-05,0.000400978,0.000393784,0.000390416,0.000392149,0.000583506,0.000576181,0.000577445,0.000585055
1659.035,5.94E-05,5.82E-05,5.74E-05,5.72E-05,0.000350851,0.000344556,0.000341609,0.000343125,0.000492762,0.000486576,0.000487643,0.00049407
1658.58,8.34E-05,8.17E-05,8.05E-05,8.02E-05,0.000515067,0.000505825,0.000501499,0.000503725,0.000764119,0.000754527,0.000756182,0.000766147
1658.03,8.81E-05,8.63E-05,8.51E-05,8.47E-05,0.000535083,0.000525483,0.000520988,0.0005233,0.000793951,0.000783984,0.000785704,0.000796058
1657.48,6.80E-05,6.66E-05,6.57E-05,6.54E-05,0.000389169,0.000382187,0.000378918,0.0003806,0.000552211,0.000545278,0.000546474,0.000553676
1656.94,6.53E-05,6.40E-05,6.30E-05,6.28E-05,0.000376534,0.000369778,0.000366615,0.000368242,0.000540134,0.000533353,0.000534523,0.000541568
1656.36,6.23E-05,6.10E-05,6.01E-05,5.99E-05,0.000354798,0.000348432,0.000345451,0.000346985,0.000505221,0.000498879,0.000499973,0.000506562
1655.745,7.92E-05,7.76E-05,7.65E-05,7.62E-05,0.000461508,0.000453228,0.000449351,0.000451345,0.000677665,0.000669158,0.000670625,0.000679464
1655.15,0.000101525,9.95E-05,9.81E-05,9.77E-05,0.000600155,0.000589387,0.000584345,0.000586939,0.000904123,0.000892773,0.000894731,0.000906523
1654.605,8.79E-05,8.62E-05,8.49E-05,8.46E-05,0.000510931,0.000501764,0.000497472,0.00049968,0.000757713,0.0007482,0.000749842,0.000759724
1654.045,7.11E-05,6.97E-05,6.87E-05,6.84E-05,0.000401662,0.000394455,0.000391081,0.000392817,0.000583967,0.000576636,0.000577901,0.000585517
1653.435,7.03E-05,6.88E-05,6.79E-05,6.76E-05,0.000396564,0.000389449,0.000386117,0.000387831,0.000579573,0.000572297,0.000573553,0.000581112
1652.875,7.26E-05,7.11E-05,7.01E-05,6.98E-05,0.000404084,0.000396833,0.000393439,0.000395185,0.000582478,0.000575166,0.000576428,0.000584024
1652.375,0.000123346,0.000120862,0.000119131,0.000118661,0.000701707,0.000689117,0.000683222,0.000686255,0.00104527,0.001032148,0.001034412,0.001048045
1651.875,0.000121932,0.000119476,0.000117766,0.0001173,0.000687606,0.000675269,0.000669492,0.000672464,0.001031962,0.001019007,0.001021241,0.0010347
1651.355,7.28E-05,7.13E-05,7.03E-05,7.00E-05,0.000397386,0.000390256,0.000386917,0.000388635,0.000585553,0.000578202,0.00057947,0.000587107
1650.815,7.66E-05,7.51E-05,7.40E-05,7.37E-05,0.000425982,0.000418339,0.00041476,0.000416602,0.000623949,0.000616116,0.000617468,0.000625605
1650.25,7.88E-05,7.72E-05,7.61E-05,7.58E-05,0.000423418,0.000415821,0.000412264,0.000414094,0.000602898,0.00059533,0.000596635,0.000604498
1649.72,7.45E-05,7.30E-05,7.19E-05,7.16E-05,0.000399467,0.000392299,0.000388944,0.00039067,0.000576121,0.000568889,0.000570137,0.00057765
1649.21,7.62E-05,7.46E-05,7.36E-05,7.33E-05,0.000410812,0.000403442,0.00039999,0.000401766,0.000586916,0.000579548,0.000580819,0.000588474
1648.675,8.21E-05,8.04E-05,7.93E-05,7.89E-05,0.000429229,0.000421528,0.000417922,0.000419777,0.000577709,0.000570456,0.000571708,0.000579242
1648.12,7.58E-05,7.43E-05,7.33E-05,7.30E-05,0.000399566,0.000392397,0.000389041,0.000390768,0.000536668,0.000529931,0.000531094,0.000538093
1647.585,7.17E-05,7.03E-05,6.92E-05,6.90E-05,0.000338918,0.000332837,0.00032999,0.000331454,0.000493285,0.000487093,0.000488161,0.000494594
1647.06,7.05E-05,6.90E-05,6.80E-05,6.78E-05,0.000350245,0.000343961,0.000341019,0.000342532,0.000543413,0.000536591,0.000537768,0.000544855
1646.525,0.000105095,0.000102979,0.000101504,0.000101103,0.000352855,0.000346524,0.00034356,0.000345085,0.000556625,0.000549637,0.000550843,0.000558102
1645.975,0.000113342,0.000111059,0.000109469,0.000109037,0.000337646,0.000331588,0.000328752,0.000330211,0.000518337,0.00051183,0.000512952,0.000519712
1645.395,0.000102399,0.000100337,9.89E-05,9.85E-05,0.000537447,0.000527804,0.000523289,0.000525612,0.000833624,0.000823159,0.000824964,0.000835837
1644.83,9.79E-05,9.60E-05,9.46E-05,9.42E-05,0.000557751,0.000547744,0.000543058,0.000545469,0.000865383,0.000854519,0.000856394,0.00086768
1644.31,7.07E-05,6.93E-05,6.83E-05,6.81E-05,0.000369605,0.000362974,0.000359869,0.000361467,0.000551869,0.00054494,0.000546136,0.000553333
1643.825,6.93E-05,6.79E-05,6.69E-05,6.66E-05,0.000334504,0.000328502,0.000325692,0.000327138,0.00049271,0.000486524,0.000487591,0.000494017
1643.325,7.13E-05,6.99E-05,6.89E-05,6.86E-05,0.00036308,0.000356566,0.000353516,0.000355085,0.000547788,0.000540911,0.000542097,0.000549242
1642.795,5.72E-05,5.60E-05,5.52E-05,5.50E-05,0.000312963,0.000307348,0.000304719,0.000306071,0.000479159,0.000473144,0.000474182,0.000480431
1642.265,4.78E-05,4.68E-05,4.61E-05,4.59E-05,0.000201866,0.000198244,0.000196549,0.000197421,0.000298742,0.000294992,0.000295639,0.000299535
1641.725,0.000115322,0.000113,0.000111382,0.000110942,0.00027638,0.000271422,0.0002691,0.000270294,0.000433761,0.000428316,0.000429255,0.000434912
1641.165,0.000122675,0.000120204,0.000118483,0.000118015,0.000329027,0.000323124,0.00032036,0.000321782,0.000515752,0.000509277,0.000510394,0.000517121
1640.62,6.88E-05,6.75E-05,6.65E-05,6.62E-05,0.000283301,0.000278218,0.000275838,0.000277063,0.000426165,0.000420815,0.000421738,0.000427296
1640.12,7.20E-05,7.06E-05,6.95E-05,6.93E-05,0.00028694,0.000281792,0.000279381,0.000280621,0.000433491,0.000428049,0.000428988,0.000434641
1639.605,9.39E-05,9.20E-05,9.06E-05,9.03E-05,0.00044152,0.000433598,0.000429889,0.000431798,0.00069689,0.000688142,0.000689651,0.00069874
1639.07,9.18E-05,9.00E-05,8.87E-05,8.83E-05,0.000479998,0.000471386,0.000467354,0.000469428,0.000761941,0.000752376,0.000754026,0.000763963
1638.56,8.82E-05,8.65E-05,8.52E-05,8.49E-05,0.000419916,0.000412382,0.000408854,0.000410669,0.000625487,0.000617635,0.00061899,0.000627147
1638.115,0.000105539,0.000103414,0.000101934,0.000101531,0.000479803,0.000471195,0.000467164,0.000469238,0.000685857,0.000677247,0.000678732,0.000687677
1637.635,0.00010471,0.000102602,0.000101133,0.000100733,0.000485543,0.000476832,0.000472753,0.000474851,0.000706199,0.000697334,0.000698863,0.000708073
1637.045,0.000106944,0.000104791,0.000103291,0.000102882,0.000492308,0.000483475,0.000479339,0.000481467,0.000738016,0.000728751,0.000730349,0.000739975
1636.445,9.91E-05,9.72E-05,9.58E-05,9.54E-05,0.00043606,0.000428236,0.000424573,0.000426458,0.000631317,0.000623391,0.000624759,0.000632993
1635.85,9.56E-05,9.37E-05,9.23E-05,9.20E-05,0.000428833,0.000421139,0.000417536,0.00041939,0.000620424,0.000612636,0.000613979,0.000622071
1635.275,8.34E-05,8.17E-05,8.05E-05,8.02E-05,0.00037238,0.000365699,0.00036257,0.00036418,0.000554516,0.000547555,0.000548756,0.000555988
1634.685,8.37E-05,8.20E-05,8.09E-05,8.06E-05,0.000358198,0.000351771,0.000348762,0.00035031,0.000520879,0.00051434,0.000515468,0.000522261
1634.155,0.000103843,0.000101752,0.000100295,9.99E-05,0.000448842,0.000440789,0.000437019,0.000438958,0.000658357,0.000650092,0.000651517,0.000660104
1633.64,9.81E-05,9.61E-05,9.47E-05,9.43E-05,0.00042694,0.000419279,0.000415693,0.000417538,0.000637032,0.000629035,0.000630415,0.000638723
1632.965,9.03E-05,8.85E-05,8.72E-05,8.69E-05,0.000402762,0.000395536,0.000392152,0.000393893,0.000603427,0.000595851,0.000597158,0.000605028
1632.185,0.000140612,0.00013778,0.000135808,0.000135272,0.000635322,0.000623923,0.000618586,0.000621332,0.00095867,0.000946635,0.000948711,0.000961214
1631.585,0.000136022,0.000133283,0.000131375,0.000130855,0.00061559,0.000604545,0.000599373,0.000602034,0.000933082,0.000921369,0.00092339,0.000935559
1631.095,8.77E-05,8.59E-05,8.47E-05,8.43E-05,0.000388778,0.000381803,0.000378537,0.000380217,0.000583366,0.000576042,0.000577306,0.000584914
1629.88,0.000111031,0.000108795,0.000107238,0.000106814,0.000530157,0.000520645,0.000516192,0.000518483,0.000818269,0.000807997,0.000809769,0.000820441
1629.3,0.000128176,0.000125595,0.000123797,0.000123308,0.000598382,0.000587646,0.000582619,0.000585206,0.000911029,0.000899592,0.000901566,0.000913448
1628.79,0.00012306,0.000120581,0.000118855,0.000118386,0.000560506,0.000550449,0.00054574,0.000548163,0.000855921,0.000845176,0.00084703,0.000858193
1628.365,9.82E-05,9.62E-05,9.49E-05,9.45E-05,0.000449447,0.000441383,0.000437608,0.00043955,0.00069122,0.000682543,0.00068404,0.000693055
1627.905,7.09E-05,6.95E-05,6.85E-05,6.82E-05,0.000306098,0.000300606,0.000298034,0.000299357,0.000458059,0.000452309,0.000453301,0.000459275
1627.36,9.15E-05,8.96E-05,8.83E-05,8.80E-05,0.000403469,0.00039623,0.00039284,0.000394584,0.00061098,0.00060331,0.000604633,0.000612602
1626.795,0.000112795,0.000110523,0.000108941,0.00010851,0.000523611,0.000514216,0.000509818,0.000512081,0.00080377,0.000793679,0.00079542,0.000805903
1626.245,0.00010964,0.000107432,0.000105894,0.000105476,0.000487261,0.000478519,0.000474426,0.000476532,0.00072354,0.000714456,0.000716024,0.00072546
1625.69,0.000208792,0.000204587,0.000201658,0.000200862,0.000860096,0.000844664,0.000837439,0.000841156,0.001419694,0.001401871,0.001404946,0.001423462
1625.13,0.000210976,0.000206727,0.000203768,0.000202963,0.000881296,0.000865484,0.000858081,0.00086189,0.001473015,0.001454523,0.001457714,0.001476925
1624.61,0.000105227,0.000103108,0.000101632,0.00010123,0.000450665,0.000442579,0.000438793,0.000440741,0.000676087,0.0006676,0.000669064,0.000677882
1624.15,0.000102915,0.000100842,9.94E-05,9.90E-05,0.0004254,0.000417768,0.000414194,0.000416033,0.000633931,0.000625973,0.000627346,0.000635614
1623.735,0.000105027,0.000102912,0.000101439,0.000101038,0.000447161,0.000439139,0.000435382,0.000437315,0.000676735,0.00066824,0.000669706,0.000678532
1623.27,0.000159929,0.000156708,0.000154465,0.000153855,0.00075979,0.000746158,0.000739775,0.000743059,0.001283025,0.001266919,0.001269698,0.001286431
1622.765,0.000155049,0.000151926,0.000149751,0.00014916,0.000741671,0.000728364,0.000722133,0.000725339,0.001263411,0.00124755,0.001250287,0.001266765
1622.295,8.76E-05,8.58E-05,8.46E-05,8.42E-05,0.000379324,0.000372518,0.000369332,0.000370971,0.000593508,0.000586057,0.000587342,0.000595083
1621.82,0.000114367,0.000112064,0.00011046,0.000110023,0.00050252,0.000493504,0.000489282,0.000491454,0.000799653,0.000789614,0.000791346,0.000801776
1621.375,0.000138301,0.000135516,0.000133576,0.000133048,0.000612885,0.000601889,0.00059674,0.000599389,0.000993636,0.000981162,0.000983314,0.000996274
1620.975,0.000135304,0.000132579,0.000130681,0.000130165,0.000601623,0.000590829,0.000585775,0.000588375,0.000983829,0.000971479,0.000973609,0.000986441
1620.745,9.80E-05,9.60E-05,9.46E-05,9.42E-05,0.000414476,0.00040704,0.000403558,0.000405349,0.000637549,0.000629545,0.000630926,0.000639241
1620.685,8.25E-05,8.08E-05,7.97E-05,7.94E-05,0.000339491,0.0003334,0.000330548,0.000332016,0.000504031,0.000497704,0.000498795,0.000505369
1620.34,8.77E-05,8.60E-05,8.47E-05,8.44E-05,0.000379183,0.00037238,0.000369195,0.000370834,0.000596419,0.000588932,0.000590223,0.000598002
1619.735,0.0001548,0.000151682,0.000149511,0.00014892,0.000700091,0.00068753,0.000681649,0.000684675,0.001165514,0.001150882,0.001153406,0.001168608
1619.16,0.000156857,0.000153698,0.000151498,0.0001509,0.00069703,0.000684524,0.000678669,0.000681681,0.00114474,0.001130369,0.001132848,0.001147779
1618.605,9.67E-05,9.47E-05,9.34E-05,9.30E-05,0.00041357,0.000406149,0.000402675,0.000404463,0.000654193,0.000645981,0.000647398,0.00065593
1618.075,0.000102134,0.000100077,9.86E-05,9.83E-05,0.000432275,0.000424519,0.000420888,0.000422756,0.000676334,0.000667844,0.000669309,0.00067813
1617.55,0.000110864,0.000108632,0.000107077,0.000106654,0.000461187,0.000452912,0.000449038,0.000451031,0.000703825,0.000694989,0.000696513,0.000705693
1616.99,0.000121838,0.000119384,0.000117675,0.00011721,0.000505916,0.000496839,0.000492589,0.000494776,0.000771221,0.000761539,0.00076321,0.000773268
1616.435,0.000135142,0.000132421,0.000130525,0.000130009,0.000567392,0.000557211,0.000552445,0.000554897,0.000873133,0.000862172,0.000864063,0.000875451
1615.885,0.000139479,0.00013667,0.000134714,0.000134181,0.000582402,0.000571952,0.00056706,0.000569577,0.000891725,0.000880531,0.000882462,0.000894093
1615.315,0.000131533,0.000128884,0.000127039,0.000126537,0.000548909,0.000539061,0.000534449,0.000536822,0.000832365,0.000821916,0.000823719,0.000834575
1614.77,0.000131178,0.000128536,0.000126696,0.000126195,0.000551863,0.000541961,0.000537325,0.00053971,0.000830557,0.00082013,0.000821929,0.000832762
1614.205,0.00012592,0.000123384,0.000121618,0.000121138,0.00053559,0.00052598,0.000521481,0.000523796,0.000813414,0.000803203,0.000804964,0.000815573
1613.61,0.000123814,0.00012132,0.000119584,0.000119111,0.000541084,0.000531376,0.000526831,0.000529169,0.000823487,0.00081315,0.000814933,0.000825673
1613.035,0.00015617,0.000153024,0.000150834,0.000150238,0.000447377,0.00043935,0.000435592,0.000437525,0.000661152,0.000652852,0.000654284,0.000662907
1612.48,0.000158845,0.000155646,0.000153418,0.000152812,0.000383657,0.000376774,0.000373551,0.000375209,0.000605745,0.00059814,0.000599452,0.000607353
1611.91,0.000181981,0.000178316,0.000175764,0.000175069,0.000487635,0.000478885,0.000474789,0.000476896,0.000798441,0.000788418,0.000790147,0.000800561
1611.325,0.000149242,0.000146236,0.000144143,0.000143573,0.000364224,0.000357689,0.000354629,0.000356203,0.000589055,0.00058166,0.000582936,0.000590619
1610.78,9.60E-05,9.41E-05,9.27E-05,9.24E-05,0.000344587,0.000338405,0.00033551,0.000336999,0.000569829,0.000562676,0.00056391,0.000571342
1610.23,0.000121918,0.000119463,0.000117752,0.000117287,0.000479279,0.00047068,0.000466654,0.000468725,0.00079157,0.000781632,0.000783347,0.000793671
1609.66,0.000147705,0.00014473,0.000142658,0.000142094,0.000527257,0.000517797,0.000513367,0.000515646,0.0008754,0.000864411,0.000866307,0.000877724
1609.085,0.000133829,0.000131134,0.000129256,0.000128746,0.000493371,0.000484519,0.000480374,0.000482506,0.000840533,0.000829981,0.000831802,0.000842765
1608.525,0.000105109,0.000102992,0.000101518,0.000101117,0.000441731,0.000433806,0.000430095,0.000432004,0.000767469,0.000757834,0.000759497,0.000769506
1608,0.000134699,0.000131986,0.000130097,0.000129583,0.000553731,0.000543796,0.000539144,0.000541537,0.000953626,0.000941654,0.00094372,0.000956157
1607.475,0.000151958,0.000148897,0.000146766,0.000146186,0.000622728,0.000611555,0.000606323,0.000609015,0.001075437,0.001061936,0.001064265,0.001078292
1606.92,0.000118434,0.000116049,0.000114388,0.000113936,0.000486886,0.00047815,0.00047406,0.000476164,0.000849542,0.000838877,0.000840717,0.000851797
1606.345,0.000113451,0.000111166,0.000109574,0.000109142,0.000427266,0.0004196,0.00041601,0.000417857,0.000692404,0.000683712,0.000685212,0.000694242
1605.78,0.000148298,0.000145312,0.000143231,0.000142665,0.000563424,0.000553315,0.000548582,0.000551017,0.000923367,0.000911775,0.000913775,0.000925818
1605.21,0.000171757,0.000168298,0.000165889,0.000165233,0.000665627,0.000653684,0.000648092,0.000650969,0.001136164,0.001121901,0.001124362,0.001139181
1604.64,0.000181142,0.000177494,0.000174953,0.000174262,0.000677848,0.000665686,0.000659984,0.000662921,0.001131652,0.001117446,0.001119897,0.001134657
1604.075,0.000186173,0.000182424,0.000179813,0.000179102,0.000684826,0.000672539,0.00066677,0.000669746,0.001114262,0.001100274,0.001102687,0.00111722
1603.54,0.00017408,0.000170574,0.000168132,0.000167468,0.000635236,0.000623839,0.000618487,0.000621248,0.001022966,0.001010124,0.00101234,0.001025682
1601.31,0.000151456,0.000148406,0.000146281,0.000145703,0.000555152,0.000545191,0.000540515,0.000542927,0.000900584,0.000889278,0.000891229,0.000902975
1599.05,0.000121993,0.000119536,0.000117825,0.000117359,0.000450093,0.000442017,0.000438222,0.000440181,0.000734762,0.000725538,0.000727129,0.000736713
1598.51,0.000130789,0.000128155,0.00012632,0.000125821,0.000479631,0.000471025,0.000466961,0.000469069,0.000771575,0.000761889,0.000763561,0.000773624
1597.96,0.000162144,0.000158878,0.000156604,0.000155985,0.000596486,0.000585784,0.000580722,0.000583351,0.000964866,0.000952753,0.000954843,0.000967427
1597.535,0.000146014,0.000143074,0.000141026,0.000140468,0.000553751,0.000543816,0.000539123,0.000541558,0.000924162,0.00091256,0.000914562,0.000926615
1597.285,0.00016042,0.00015719,0.000154939,0.000154327,0.000614203,0.000603183,0.000597979,0.000600678,0.001026229,0.001013346,0.001015569,0.001028953
1596.91,0.000172453,0.00016898,0.000166561,0.000165903,0.000658574,0.000646757,0.000641177,0.000644072,0.00109783,0.001084048,0.001086426,0.001100745
1596.39,0.000181226,0.000177576,0.000175034,0.000174343,0.000678392,0.00066622,0.000660466,0.000663453,0.001100041,0.001086231,0.001088614,0.001102961
1595.865,0.000185902,0.000182158,0.000179551,0.000178841,0.000695947,0.00068346,0.000677556,0.000680621,0.001120585,0.001106517,0.001108945,0.00112356
1595.335,0.000221086,0.000216633,0.000213532,0.000212688,0.000825626,0.000810813,0.000803797,0.000807446,0.001317539,0.001300999,0.001303852,0.001321037
1594.855,0.000218169,0.000213775,0.000210715,0.000209882,0.000819031,0.000804336,0.000797373,0.000800996,0.00131195,0.00129548,0.001298322,0.001315433
1594.44,0.000158482,0.00015529,0.000153067,0.000152462,0.000622374,0.000611208,0.000605923,0.000608669,0.001042196,0.001029112,0.00103137,0.001044963
1594.01,0.000163133,0.000159847,0.000157559,0.000156937,0.000499649,0.000490684,0.000486436,0.000488646,0.000849273,0.000838612,0.000840456,0.000851533
1593.515,0.000188344,0.000184551,0.000181909,0.00018119,0.000457392,0.000449186,0.000445271,0.00044732,0.000771549,0.000761863,0.000763548,0.000773611
1592.835,0.000184956,0.000181231,0.000178636,0.000177931,0.00046794,0.000459544,0.000455515,0.000457638,0.00077168,0.000761992,0.000763679,0.000773744
1592.015,0.000173395,0.000169903,0.000167471,0.000166809,0.000547589,0.000537764,0.00053304,0.000535538,0.000929311,0.000917645,0.000919673,0.000931794
1591.32,0.000171128,0.000167682,0.000165281,0.000164628,0.000629179,0.00061789,0.000612421,0.000615338,0.00094408,0.000932228,0.000934289,0.000946602
1590.765,0.000378703,0.000371076,0.000365764,0.000364319,0.000685191,0.000672897,0.00066696,0.000670119,0.001084818,0.001071199,0.001073562,0.001087711
1590.26,0.000384552,0.000376808,0.000371414,0.000369946,0.00070027,0.000687706,0.000681686,0.000684861,0.001235882,0.001220366,0.001223059,0.001239178
1589.59,0.000166216,0.000162869,0.000160537,0.000159903,0.000598228,0.000587495,0.000582354,0.000585063,0.001019986,0.001007181,0.001009406,0.00102271
1589.14,0.000173877,0.000170375,0.000167936,0.000167273,0.000625818,0.00061459,0.000609221,0.000612045,0.00109816,0.001084374,0.001086768,0.001101092
1589.035,0.000181068,0.000177422,0.000174882,0.000174191,0.000628596,0.000617318,0.000611893,0.000614763,0.00106125,0.001047927,0.001050244,0.001064096
1588.89,0.000207847,0.000203661,0.000200746,0.000199953,0.000531448,0.000521913,0.000517294,0.000519754,0.000841177,0.000830617,0.000832466,0.000843456
1588.57,0.00038596,0.000378187,0.000372773,0.0003713,0.000709735,0.000697001,0.00069089,0.000694114,0.001240776,0.0012252,0.001227922,0.001244123
1588.16,0.000402844,0.000394731,0.00038908,0.000387543,0.000689486,0.000677115,0.000671211,0.000674309,0.001268494,0.00125257,0.001255344,0.001271902
1587.795,0.00023651,0.000231747,0.000228429,0.000227527,0.00051842,0.000509119,0.000504608,0.000507012,0.000859478,0.000848688,0.000850594,0.000861821
1587.355,0.000231663,0.000226997,0.000223747,0.000222864,0.000687862,0.00067552,0.000669512,0.000672726,0.001115929,0.00110192,0.001104414,0.001118992
1586.935,0.000291368,0.0002855,0.000281413,0.000280301,0.000890183,0.000874211,0.000866442,0.000870594,0.00145311,0.001434868,0.001438127,0.00145711
1586.565,0.000301852,0.000295773,0.000291538,0.000290387,0.000867804,0.000852234,0.000844685,0.000848707,0.001447836,0.00142966,0.001432898,0.001451809
1586.18,0.000490241,0.000480368,0.000473491,0.000471621,0.001390318,0.001365373,0.001353122,0.001359726,0.002187685,0.002160222,0.002165162,0.002193746
1585.625,0.000464182,0.000454834,0.000448322,0.000446551,0.001352456,0.00132819,0.001316163,0.0013227,0.001999315,0.001974216,0.001978767,0.002004912
1585.2,0.000270086,0.000264646,0.000260858,0.000259827,0.000801046,0.000786674,0.000779577,0.00078342,0.001223607,0.001208246,0.001210999,0.001227015
1585.025,0.000313634,0.000307318,0.000302918,0.000301721,0.000965357,0.000948037,0.000939594,0.000944112,0.001592268,0.00157228,0.001575821,0.001596645
1584.825,0.000320382,0.00031393,0.000309436,0.000308214,0.000927486,0.000910845,0.000902788,0.000907072,0.001599433,0.001579354,0.001582872,0.001603802
1584.565,0.000302172,0.000296087,0.000291848,0.000290695,0.000803256,0.000788844,0.00078185,0.000785577,0.001359033,0.001341973,0.001344963,0.001362752
1584.18,0.000338084,0.000331275,0.000326533,0.000325243,0.00088658,0.000870673,0.00086295,0.000867067,0.001473396,0.001454899,0.001458139,0.001477422
1583.685,0.000473731,0.000464191,0.000457546,0.000455738,0.001291497,0.001268325,0.001256992,0.001263075,0.00204334,0.002017688,0.002022179,0.00204892
1583.18,0.000408184,0.000399963,0.000394238,0.00039268,0.001147646,0.001127055,0.001116978,0.001122389,0.001816426,0.001793623,0.001797608,0.00182137
1582.685,0.000308183,0.000301976,0.000297653,0.000296477,0.000907779,0.000891492,0.000883586,0.000887797,0.001530135,0.001510926,0.001514291,0.001534302
1582.22,0.0003461,0.000339129,0.000334275,0.000332954,0.001016854,0.00099861,0.0009896,0.000994474,0.00160591,0.00158575,0.0015893,0.001610314
1581.225,0.000142333,0.000139467,0.00013747,0.000136927,0.000482669,0.000474009,0.000469817,0.000472044,0.001031132,0.001018187,0.001020454,0.001033932
1580.925,0.000137551,0.000134781,0.000132851,0.000132326,0.000458408,0.000450183,0.000446167,0.000448318,0.000952032,0.000940081,0.000942181,0.000954632
1580.545,0.000185833,0.00018209,0.000179483,0.000178774,0.000604373,0.00059353,0.000588185,0.000591072,0.001208857,0.001193681,0.001196359,0.001212181
1580.155,0.000196664,0.000192703,0.000189945,0.000189194,0.000628799,0.000617518,0.000611899,0.000614966,0.001234194,0.0012187,0.001221446,0.001237605
1579.69,0.000156731,0.000153574,0.000151376,0.000150778,0.000501756,0.000492753,0.000488223,0.000490721,0.001004511,0.000991901,0.000994142,0.001007288
1579.195,0.000213956,0.000209647,0.000206646,0.000205829,0.000481344,0.000472708,0.000468302,0.000470759,0.000972824,0.000960611,0.000962804,0.00097554
1578.775,0.000328098,0.000321491,0.000316888,0.000315637,0.000547573,0.000537748,0.000532684,0.000535531,0.00110903,0.001095108,0.001097619,0.00111215
1578.305,0.000337641,0.000330841,0.000326105,0.000324816,0.00061285,0.000601854,0.000596067,0.000599374,0.001240502,0.001224929,0.001227741,0.00124403
1577.855,0.000265973,0.000260617,0.000256886,0.000255871,0.00067324,0.000661161,0.000654757,0.000658435,0.001369096,0.001351909,0.00135502,0.00137304
1577.42,0.000160791,0.000157553,0.000155297,0.000154684,0.000509051,0.000499918,0.000495077,0.000497855,0.001069828,0.001056398,0.001058825,0.001072918
1577.1,0.000153365,0.000150276,0.000148125,0.000147542,0.000490271,0.000481475,0.000476765,0.000479488,0.001057822,0.001044542,0.001046918,0.001060825
1576.7,0.000163202,0.000159916,0.000157626,0.000157005,0.000516417,0.000507152,0.000502114,0.000505063,0.00110568,0.001091799,0.001094286,0.001108843
1576.225,0.000163875,0.000160574,0.000158276,0.000157653,0.000505922,0.000496845,0.000491689,0.000494806,0.001064265,0.001050904,0.001053341,0.001067413
1575.885,0.000163817,0.000160518,0.00015822,0.000157598,0.000505917,0.00049684,0.000491577,0.000494802,0.001062983,0.001049638,0.001052095,0.001066177
1575.395,0.000197023,0.000193055,0.000190291,0.000189543,0.000602832,0.000592016,0.000585312,0.000589602,0.001176809,0.001162035,0.001164758,0.001180342
1574.885,0.000338736,0.000331914,0.000327163,0.000325878,0.000629127,0.00061784,0.000610586,0.000615327,0.001236398,0.001220876,0.001223765,0.001240172
1574.465,0.000314051,0.000307726,0.000303321,0.00030213,0.000547928,0.000538098,0.000531688,0.000535912,0.001167192,0.001152539,0.001155327,0.00117091
1574.14,0.00022359,0.000219087,0.000215951,0.000215104,0.000620461,0.000609328,0.000601388,0.000606879,0.001089506,0.001075829,0.001078409,0.001092909
1572.935,0.000528864,0.000518214,0.000510795,0.000508789,0.001460423,0.00143422,0.00141501,0.001428468,0.002818332,0.002782952,0.00278998,0.002827906
1571.405,0.000657032,0.0006438,0.000634584,0.000632092,0.001775942,0.001744079,0.001719333,0.001737125,0.003563086,0.003518356,0.003527502,0.003575874
1570.22,0.001049333,0.0010282,0.001013481,0.0010095,0.002803296,0.002753,0.002714174,0.002742027,0.00467703,0.004618316,0.004630183,0.004693635
1568.865,0.001643035,0.001609946,0.001586899,0.001580659,0.002428046,0.002384482,0.002352497,0.002374931,0.004089514,0.004038176,0.004048337,0.004103507
1568.055,0.001712468,0.001677981,0.00165396,0.001647451,0.000549358,0.000539502,0.000533116,0.000537321,0.000876218,0.000865218,0.000867302,0.000878992
1567.68,0.00095514,0.000935904,0.000922506,0.000918876,0.000544188,0.000534424,0.000528221,0.00053226,0.000883229,0.000872141,0.000874216,0.000885973
1567.265,0.000187894,0.00018411,0.000181474,0.00018076,0.000520752,0.000511408,0.000505006,0.000509354,0.001227072,0.001211668,0.001214648,0.001231121
1566.79,0.000198469,0.000194472,0.000191688,0.000190935,0.00054748,0.000537657,0.000530441,0.000535518,0.001278619,0.001262568,0.001265769,0.00128305
1566.505,0.000195655,0.000191714,0.00018897,0.000188229,0.000539166,0.000529493,0.000522131,0.000527401,0.001268608,0.001252682,0.001255892,0.001273065
1566.165,0.000190409,0.000186575,0.000183905,0.000183184,0.000534885,0.000525288,0.000518173,0.00052321,0.001290564,0.001274363,0.001277585,0.001295001
1565.65,0.000160547,0.000157314,0.000155063,0.000154457,0.000463176,0.000454866,0.000448634,0.000453073,0.001152049,0.001137586,0.001140462,0.001156021
1565.15,0.000174788,0.000171268,0.00016882,0.000168165,0.000502496,0.000493481,0.000485795,0.000491577,0.001257124,0.001241343,0.001244598,0.001261759
1564.68,0.000204139,0.000200028,0.00019717,0.000196406,0.000595159,0.00058448,0.000575587,0.000582223,0.001520723,0.001501632,0.001505548,0.001526262
1564.295,0.00023034,0.000225702,0.000222481,0.000221623,0.000666347,0.000654391,0.000643409,0.000651924,0.001702352,0.001680982,0.001685496,0.001708907
1563.87,0.000279425,0.000273798,0.000269904,0.000268885,0.000778811,0.000764838,0.000747581,0.000762171,0.001814555,0.001791775,0.001796897,0.001822344
1563.415,0.000315514,0.00030916,0.000304785,0.000303663,0.000874596,0.000858904,0.000755331,0.000856146,0.001589161,0.001569211,0.001573536,0.001595582
1562.935,0.000345857,0.000338897,0.000334112,0.00033289,0.000981771,0.000964156,0.00086319,0.000960963,0.00139452,0.001377014,0.001380635,0.001399711
1562.495,0.000734079,0.000719321,0.000709226,0.000706677,0.001213686,0.00119191,0.001859404,0.001188185,0.001304994,0.001288612,0.001292263,0.001310504
1562.06,0.000799828,0.000783752,0.000772799,0.000770073,0.001364646,0.001340161,0.002021257,0.001336574,0.001196729,0.001181706,0.001185049,0.001201771
1561.465,0.000730807,0.00071612,0.000706191,0.000703791,0.001971909,0.001936529,0.001971275,0.001931709,0.001246434,0.001230786,0.001234287,0.00125174
1560.835,0.001024222,0.001003639,0.000989804,0.00098646,0.002781361,0.002731458,0.002784699,0.002724805,0.001227238,0.001211832,0.001215479,0.001232981
1560.26,0.000941347,0.000922433,0.000909883,0.000906914,0.001781296,0.001749337,0.001784036,0.001745032,0.001280589,0.001264513,0.001268596,0.001287263
1559.65,0.000775951,0.000760375,0.00075018,0.000747837,0.001317334,0.001293698,0.001330131,0.001291096,0.001453481,0.001435235,0.001440882,0.001463636
1559.115,0.000598368,0.000586361,0.000578488,0.000576656,0.001628648,0.001599427,0.002317334,0.001596218,0.002099944,0.002073583,0.002082806,0.002117333
1558.59,0.000510515,0.000500278,0.00049362,0.000492111,0.000758243,0.000744639,0.001432638,0.000742811,0.001725461,0.001703801,0.001711273,0.001739448
1557.98,0.00084103,0.000824167,0.000813391,0.000811053,0.000879127,0.000863354,0.000874714,0.000861837,0.002074707,0.002048705,0.002059706,0.002096741
1557.58,0.001130329,0.001107654,0.001093263,0.001090154,0.001501587,0.001474646,0.001494094,0.001472222,0.003517048,0.003472988,0.003493076,0.003558181
1557.26,0.000859114,0.000841878,0.000830981,0.000828627,0.001113101,0.00109313,0.00110779,0.001091393,0.0026207,0.00258787,0.002603505,0.002653021
1556.735,0.000568985,0.000557562,0.000550454,0.000548955,0.000576926,0.000566575,0.000574324,0.00056596,0.001424701,0.00140685,0.00141581,0.001443465
1555.995,0.000974533,0.000954965,0.000943246,0.000940949,0.001592752,0.001564176,0.001591603,0.001565548,0.001806098,0.001783474,0.001798723,0.001840377
1555.3,0.001510052,0.001479739,0.001461928,0.001458563,0.00198408,0.001948483,0.001985443,0.001951625,0.002523323,0.002491734,0.00252063,0.002591942
1554.735,0.001772487,0.001736914,0.001716445,0.0017127,0.001366246,0.001341735,0.001368081,0.001346464,0.002910154,0.002873755,0.002924707,0.003035524
1554.305,0.001239558,0.001214681,0.001200418,0.001197804,0.001300278,0.001276951,0.001303926,0.001282374,0.002916567,0.002880121,0.002936837,0.003059875
1553.945,0.000458128,0.000448931,0.000443517,0.000442465,0.000887237,0.00087132,0.000891926,0.000874788,0.002041772,0.002016257,0.002049029,0.002128484
1553.43,0.000544838,0.000533906,0.000527977,0.000527049,0.000999649,0.000981733,0.001008606,0.00099098,0.001425671,0.001407856,0.001433327,0.001501648
1552.945,0.001165097,0.001141729,0.001129489,0.001127805,0.001261114,0.001238514,0.001279475,0.001253221,0.002544415,0.002512702,0.002574979,0.002769211
1552.705,0.001365667,0.001338291,0.001324953,0.001323565,0.001511049,0.001483973,0.001537506,0.001505614,0.002926015,0.002889578,0.002969346,0.003225879
1552.65,0.000922283,0.000903798,0.00089496,0.00089418,0.00103588,0.001017317,0.001054907,0.00103212,0.002474512,0.0024437,0.002516082,0.002746123
1552.415,0.002176712,0.002133095,0.002112939,0.00211163,0.001157692,0.00113695,0.001187107,0.001161775,0.003290042,0.003249131,0.003359816,0.003716633
1551.96,0.001639582,0.001606735,0.001592006,0.001591329,0.001919606,0.00188524,0.001982337,0.001953061,0.005309189,0.005243413,0.005488335,0.006267277
1551.455,0.001768048,0.00173263,0.001717055,0.001716555,0.002715106,0.00266658,0.002814813,0.002793694,0.00706981,0.006982579,0.007378722,0.008628311
1550.955,0.001145943,0.001122992,0.001113354,0.001113334,0.001724866,0.001694064,0.001794724,0.001786993,0.004657644,0.004600298,0.0048798,0.005785231
1550.455,0.001457753,0.001428587,0.001419231,0.001421173,0.002224157,0.002184484,0.002420674,0.00247359,0.007675909,0.00758234,0.008230585,0.010713971
1549.995,0.002497555,0.002447603,0.002432951,0.002437253,0.003663567,0.003598249,0.004019957,0.004139793,0.012484152,0.012332276,0.013457792,0.017834938
1549.53,0.002999404,0.002939428,0.00292292,0.002928966,0.003821584,0.003753462,0.004243724,0.00440536,0.013649904,0.013484183,0.014753736,0.019948004
1549,0.002021664,0.001981236,0.001969874,0.001973873,0.002455231,0.002411463,0.002750309,0.002865951,0.009389278,0.009275206,0.010110883,0.013777331
1548.465,0.002085817,0.002044143,0.00203693,0.002045279,0.002349744,0.002307999,0.002799657,0.004057275,0.010133595,0.010010869,0.010980219,0.016595978
1547.875,0.003073762,0.003012355,0.003002395,0.003015828,0.002812445,0.002762491,0.00454979,0.00607782,0.012582001,0.012429475,0.013603865,0.021158728
1547.41,0.001657528,0.001624413,0.001618734,0.001626301,0.001504486,0.001477733,0.003002342,0.003486263,0.00755425,0.007462186,0.008075511,0.013136543
1546.105,0.001998077,0.001958189,0.00195608,0.001970534,0.001305925,0.001282741,0.001614868,0.001939389,0.005601506,0.005533379,0.006010759,0.01209276
1544.86,0.003406781,0.003338788,0.003338235,0.003365577,0.003164091,0.003108279,0.003963398,0.005047214,0.012232913,0.012086497,0.013552007,0.027831179
1544.555,0.002264719,0.002219515,0.002218789,0.002237063,0.003074763,0.003020463,0.00382768,0.004762508,0.012757913,0.01260476,0.0140445,0.026772406
1544.255,0.000778629,0.000763083,0.000762045,0.000768611,0.001184804,0.001163799,0.001478249,0.001816505,0.005731729,0.005662092,0.00616042,0.011743596
1543.935,0.002212559,0.002168484,0.002185766,0.002231147,0.002806936,0.002757683,0.003630197,0.005409687,0.005610578,0.005542524,0.006059913,0.029938912
1543.44,0.003892399,0.003814834,0.003839341,0.003920889,0.004875593,0.004789947,0.006311986,0.009388401,0.013210251,0.013052654,0.014758637,0.051940845
1542.925,0.004661761,0.004568871,0.004598668,0.004690153,0.005846118,0.005743401,0.007613953,0.01161021,0.01404959,0.013881989,0.015690058,0.06513461
1542.265,0.00507047,0.004969449,0.005003703,0.004070578,0.00511348,0.005023532,0.006681905,0.010434383,0.005786229,0.005716394,0.006310183,0.041053425
1541.605,0.003506277,0.003436418,0.00345953,0.004279387,0.003231983,0.00317501,0.004231524,0.006860068,0.006598636,0.00651971,0.007333213,0.024908963
1541.115,0.001136981,0.001114326,0.001120924,0.002943452,0.001535984,0.001508886,0.002013407,0.003565796,0.005686035,0.005618177,0.006342269,0.027463607
1540.705,0.003151082,0.003088535,0.003144509,0.005313852,0.00122943,0.001207767,0.001622936,0.018840272,0.004899696,0.004841209,0.005449389,0.139966731
1540.23,0.005656095,0.005543742,0.00563079,0.010631418,0.003191025,0.003135204,0.004276934,0.029454197,0.007039443,0.006955563,0.007856609,0.208076674
1539.67,0.003665395,0.003592565,0.003646125,0.010534957,0.003087031,0.003033089,0.004159374,0.020018146,0.006512909,0.006435298,0.007273482,0.141765595
1539.145,0.004138671,0.004056534,0.004139852,0.012619052,0.00202079,0.001985492,0.002751623,0.034996013,0.005892486,0.00582244,0.006613434,0.219845095
1538.625,0.008143988,0.007982402,0.008151276,0.019024165,0.005771918,0.005671833,0.008072119,0.07533943,0.0109815,0.010850739,0.012300619,0.445276916
1538.13,0.005272705,0.005168083,0.005274377,0.012769921,0.005193304,0.005103349,0.007318095,0.052295435,0.010905508,0.010776453,0.012364654,0.303983976
1537.7,0.001436656,0.001408213,0.001442549,0.023884264,0.001536911,0.0015103,0.002253209,0.092506887,0.006203855,0.006131437,0.007218861,0.412177688
1537.275,0.010202682,0.01000364,0.01056853,0.058837099,0.004013332,0.003945111,0.006812041,0.214158517,0.014401646,0.014234591,0.019241953,0.893778742
1536.775,0.016106671,0.015792409,0.016674255,0.071535338,0.006128518,0.006026013,0.016949267,0.256118851,0.020492672,0.020261395,0.027180775,1.03247465
1536.2,0.015230787,0.014934296,0.015847593,0.07370423,0.007478949,0.007356359,0.022907013,0.256982151,0.015455622,0.015284878,0.019178574,0.9922769
1535.78,0.019405861,0.019029015,0.020255442,0.097590964,0.014721744,0.014484187,0.030195076,0.333413462,0.019342713,0.019132328,0.023926279,1.23456049
1535.61,0.014759036,0.014473412,0.015518048,0.083602804,0.012220045,0.012025117,0.022579287,0.277570465,0.018865767,0.018666766,0.024344438,0.991766447
1535.21,0.007386652,0.007246278,0.008044347,0.061958733,0.005037892,0.004961806,0.009822845,0.193446863,0.014521665,0.014385968,0.020423751,0.636874119
1534.59,0.009274773,0.00910174,0.010319089,0.088579206,0.006244542,0.006157424,0.012836975,0.269281624,0.019273459,0.019118136,0.028147213,0.834883266
1534.045,0.008735633,0.008576465,0.009996178,0.101853857,0.005840842,0.005768212,0.012751773,0.298494629,0.017061066,0.016952989,0.027317138,0.873574448
1533.625,0.00890014,0.008745365,0.010707486,0.124891383,0.006134521,0.006077489,0.014791426,0.351590066,0.015980596,0.015946031,0.031574383,0.963393483
1533.115,0.012930067,0.012718974,0.016334686,0.190228743,0.009510148,0.009471357,0.025850872,0.512442747,0.023148092,0.023285247,0.058849831,1.314328141
1532.495,0.014906016,0.014677229,0.019566446,0.228221933,0.01174025,0.011744862,0.034228671,0.593097975,0.030216209,0.030610444,0.084234236,1.450114165
1531.975,0.014365531,0.014165983,0.020034541,0.249843843,0.011794856,0.011870434,0.037773849,0.622512214,0.032526298,0.033217757,0.098318885,1.443049691
1531.475,0.014276517,0.014110892,0.021818025,0.30033036,0.011879168,0.012064182,0.043404051,0.71437269,0.032683585,0.033793308,0.115127777,1.565269181
1530.895,0.013086494,0.012982343,0.022923296,0.348631465,0.010920399,0.011240839,0.047173148,0.791064688,0.030158836,0.031731137,0.124991205,1.639147817
1530.505,0.0103398,0.010318964,0.022036127,0.373610811,0.009036192,0.009510247,0.046461324,0.809405192,0.026860118,0.029081912,0.122158869,1.588742504
1530.125,0.009052588,0.009197114,0.029489191,0.405840293,0.007677729,0.008480556,0.065215789,0.836625816,0.024330207,0.027706405,0.159027143,1.548999474
1529.49,0.010892272,0.011519462,0.054391378,0.485609174,0.008513708,0.010555094,0.127391558,0.947610343,0.023993202,0.030651851,0.291871286,1.645606156
1528.925,0.013647285,0.015372473,0.09201471,0.59750234,0.011218974,0.016570495,0.217396572,1.102744633,0.029335373,0.046478818,0.475573552,1.796341244
1528.36,0.015106917,0.018706774,0.142425712,0.754266896,0.012617872,0.02317543,0.325511769,1.320311553,0.032255512,0.068509121,0.671449556,2.024756249
1527.725,0.015114593,0.022658592,0.217025762,0.94729741,0.012470725,0.033386506,0.472217236,1.57181813,0.029900788,0.104826548,0.913463088,2.266616741
1527.175,0.016319674,0.031214211,0.310379759,1.148285181,0.014762655,0.055370502,0.645680542,1.822516111,0.038721961,0.181073029,1.185664851,2.49509148
1526.69,0.022474241,0.052685871,0.437330206,1.396607848,0.023144087,0.10595694,0.873230766,2.134684057,0.070246224,0.339535249,1.535153428,2.795771322
1526.205,0.033264874,0.086829998,0.593612649,1.681890226,0.037029345,0.182765692,1.143371775,2.485665318,0.115348149,0.559365346,1.937151846,3.12772733
1525.76,0.043572586,0.118797588,0.721174468,1.89189069,0.05232375,0.253344686,1.348721176,2.719115493,0.167725042,0.743487298,2.21819911,3.309239639
1525.345,0.052059958,0.147210784,0.821367575,2.027873289,0.066555535,0.314507416,1.493368415,2.837459181,0.219057265,0.884390197,2.387437978,3.343698232
1524.93,0.061033214,0.180708744,0.920351046,2.138044819,0.080719215,0.38439417,1.629648408,2.917710418,0.264763638,1.035787513,2.536906954,3.336558733
1524.515,0.063350426,0.202387837,0.979458268,2.17212811,0.084364081,0.426474344,1.693257947,2.897486742,0.270058154,1.105175105,2.573350973,3.223978163
1524.09,0.042215401,0.169265997,0.868146074,1.917586724,0.054354165,0.351694442,1.467646495,2.505035451,0.164063479,0.876728272,2.181289995,2.718726987
1523.605,0.030543673,0.17646086,0.818120723,1.709453,0.039768575,0.360877167,1.342092175,2.176342515,0.115291104,0.844726837,1.935469148,2.290785468
1523.065,0.041527057,0.250066326,0.930095302,1.756868866,0.061533982,0.500960315,1.479362567,2.176634889,0.189732788,1.107613008,2.069296891,2.218350824
1522.495,0.05757361,0.334801168,1.079429995,1.895247192,0.096163001,0.650108193,1.66309194,2.28282406,0.30356764,1.357081069,2.255555051,2.250508292
1521.89,0.077456951,0.410150692,1.184232704,1.953945703,0.140051986,0.773696868,1.775368308,2.297095862,0.436314904,1.540814823,2.34547676,2.200830468
1521.33,0.083602658,0.4329181,1.169872225,1.848395204,0.157499118,0.79387641,1.708711333,2.122390308,0.47404998,1.514419365,2.201913896,1.97828589
1520.84,0.090724619,0.45653917,1.182110407,1.81880575,0.17653947,0.811899899,1.68098785,2.039239811,0.505465593,1.481342925,2.111833476,1.848685097
1520.335,0.116896661,0.520028451,1.23749432,1.818144222,0.23187478,0.893765315,1.711345656,1.99002285,0.623940709,1.554484717,2.094103093,1.754186919
1519.85,0.153454053,0.616972818,1.330666234,1.84133676,0.302464022,1.023605474,1.7882588,1.965760041,0.759213061,1.697521543,2.1300895,1.683122091
1519.4,0.2158173,0.762373299,1.50740349,1.976912515,0.417908185,1.222606805,1.970980474,2.06020941,0.978685598,1.939653311,2.288220469,1.714989774
1518.96,0.290057412,0.910382003,1.679669141,2.109507148,0.549999501,1.418760459,2.145067713,2.152622566,1.219416897,2.169828638,2.436167295,1.748390063
1518.52,0.35905829,1.030849156,1.797559566,2.175361685,0.664838989,1.563749774,2.244882125,2.17574948,1.401097951,2.311139835,2.49689216,1.726235319
1518.085,0.389785773,1.055001276,1.766483537,2.080991649,0.705111057,1.56189556,2.161477667,2.043291548,1.421234475,2.238671981,2.358752518,1.586610717
1517.66,0.422741688,1.069557666,1.711611931,1.956007036,0.74312143,1.540708206,2.047313681,1.881995787,1.423191167,2.133598689,2.187307949,1.427209046
1517.23,0.490680891,1.143044272,1.735246217,1.911657231,0.837117222,1.602415772,2.028942084,1.802187449,1.524985293,2.144769303,2.122193833,1.334528139
1516.795,0.566856848,1.22056135,1.76296873,1.876975694,0.936266322,1.663292173,2.012665492,1.731644829,1.620510895,2.148780409,2.058611349,1.250205222
1516.37,0.663241972,1.324469754,1.8214654,1.872824842,1.060175757,1.755269024,2.030696071,1.690927336,1.746208893,2.189801181,2.031308724,1.19010609
1515.895,0.825221126,1.517713145,1.975857642,1.951625019,1.270594432,1.949006816,2.143794081,1.718506891,1.980903021,2.33738079,2.090171427,1.173927744
1515.36,1.042384496,1.779241154,2.202215218,2.095156723,1.547175896,2.215978266,2.326055909,1.799196873,2.289075541,2.556831773,2.210761058,1.192341253
1514.835,1.274198544,2.03338657,2.400121625,2.201612973,1.828770253,2.46244617,2.472495671,1.846490684,2.580460261,2.74148889,2.294326155,1.188773707
1514.33,1.483765292,2.242557328,2.544040117,2.260448514,2.068314307,2.64971487,2.562736437,1.855520981,2.801602832,2.858214824,2.327168021,1.163163553
1513.835,1.682755585,2.421190499,2.650604067,2.288803272,2.28395281,2.797052361,2.615408476,1.841544481,2.980470777,2.930502595,2.327624494,1.125801955
1513.345,1.892564611,2.593613238,2.740151975,2.299696566,2.508191141,2.936060724,2.653209418,1.816514816,3.166102525,2.996020604,2.318006736,1.084948624
1512.855,2.071409098,2.714074902,2.774142416,2.26598841,2.685497255,3.014916766,2.638593745,1.758644755,3.287810028,3.001376846,2.265031125,1.027135764
1512.37,2.316356824,2.914909685,2.890719429,2.302363817,2.940948221,3.179698693,2.702189562,1.756298683,3.497853978,3.091052085,2.280123513,1.003395271
1511.865,2.614431317,3.174106743,3.061989252,2.382516719,3.25705162,3.405551006,2.817026737,1.788742579,3.774226595,3.239728248,2.339770867,1.001337275
1511.345,2.571278541,3.030900081,2.858428554,2.182970506,3.152212991,3.206164837,2.593888809,1.616550177,3.573371186,2.994366327,2.12533132,0.889254336
1510.845,2.529884863,2.882486766,2.647759951,1.977295821,3.045351109,3.000453808,2.365489924,1.441698772,3.367876843,2.74455827,1.908519685,0.777711609
1510.375,2.425102635,2.741037192,2.491684644,1.838238906,2.87405328,2.813755532,2.195878475,1.322177013,3.113133119,2.528445329,1.748077843,0.701230313
1509.915,2.026957716,2.307692264,2.099792045,1.544118285,2.362149794,2.334808719,1.824996685,1.095648835,2.502659062,2.060020335,1.433242331,0.571475525
1509.42,1.774737601,1.953181026,1.742474395,1.263272259,2.027266623,1.943543372,1.491040225,0.883095134,2.092138007,1.679309027,1.153358238,0.452333558
1508.92,1.69592105,1.753318562,1.496893914,1.049707023,1.890654111,1.709253046,1.256493266,0.720545342,1.889819613,1.439148813,0.953905508,0.361004572
1508.405,1.887585301,1.866663622,1.529210164,1.030947688,2.043526371,1.773474969,1.251655275,0.690385396,1.965453236,1.444992726,0.927020481,0.335542268
1507.85,2.154171648,2.096541361,1.690020679,1.118167457,2.269693726,1.944945298,1.350865451,0.731253975,2.106166935,1.536567535,0.977284175,0.344969061
1507.29,2.597088519,2.44190103,1.920447336,1.241201086,2.666034271,2.215490561,1.501817016,0.794236152,2.389303227,1.699769119,1.0628911,0.364335221
1506.745,2.876422936,2.650180284,2.04294485,1.293751901,2.897500797,2.364399644,1.570620873,0.813597773,2.53169968,1.773897636,1.092565218,0.364837896
1506.21,2.606316912,2.455300048,1.902472356,1.201383315,2.579558002,2.156854564,1.439727306,0.743373834,2.201346447,1.585068022,0.985537576,0.32632439
1505.67,2.416540031,2.307499696,1.815959392,1.158313465,2.344562443,1.99376592,1.351872005,0.704884874,1.94787262,1.433137917,0.909962431,0.302689252
1505.135,2.710385889,2.443318582,1.857290743,1.155178636,2.574012284,2.075896701,1.361057526,0.692444637,2.07712447,1.458641992,0.901431187,0.291434424
1504.61,2.957255527,2.495830452,1.797284535,1.069095025,2.763086971,2.09155243,1.299233923,0.632179218,2.180681077,1.442466392,0.848465037,0.261288426
1504.095,2.773370286,2.28384712,1.614960685,0.944421272,2.552930413,1.889053785,1.152002703,0.550964073,1.974415289,1.28002881,0.742064012,0.223676843
1503.59,2.51325341,2.054758678,1.441592287,0.83486377,2.278609545,1.677243383,1.014688664,0.480520532,1.726474322,1.116502162,0.644679435,0.19162954
1503.08,2.360901257,1.906582444,1.319503259,0.754028387,2.105871153,1.534515894,0.915676127,0.42785727,1.560931073,1.00236871,0.573328865,0.167448445
1502.58,2.308449166,1.833690296,1.253214249,0.706559252,2.025213742,1.455058657,0.857368361,0.39523783,1.467941025,0.932534478,0.528977763,0.151789108
1502.08,2.310536331,1.781096988,1.188644859,0.656373859,1.994294645,1.393847898,0.802036908,0.362162993,1.41405136,0.876778501,0.487818404,0.13658437
1501.54,2.267755134,1.694015893,1.098530097,0.590980436,1.926050226,1.30724967,0.730745398,0.321446735,1.336227838,0.806947163,0.437951138,0.11895611
1500.99,2.130079054,1.559300377,0.994101571,0.5253349,1.779064604,1.185674938,0.651333411,0.281383872,1.206707115,0.717556946,0.384280825,0.102039071
1500.445,1.985861747,1.430937985,0.901003114,0.470460441,1.630683152,1.071935751,0.581337079,0.248097006,1.081103768,0.635865278,0.337567721,0.088136647
1499.88,1.945302678,1.37212049,0.848174137,0.435000864,1.56959015,1.01215442,0.538684628,0.225786592,1.016346997,0.588122037,0.307719762,0.078544764
1499.34,1.892623882,1.315981757,0.802131981,0.405095078,1.504268397,0.957856072,0.502432378,0.20732259,0.954562353,0.5466847,0.282906027,0.070787265
1498.84,1.774600368,1.222495655,0.73936298,0.370126722,1.390722363,0.878827273,0.457224109,0.186990714,0.86605083,0.493324159,0.254048457,0.062761248
1498.34,1.678651761,1.139684444,0.680758636,0.336483101,1.297476264,0.80941149,0.415767568,0.167876274,0.793271613,0.447076852,0.228046058,0.055422026
1497.84,1.549287535,1.033018581,0.607359102,0.295580064,1.181168975,0.724873599,0.366388547,0.14565686,0.709170113,0.39404809,0.198411416,0.047312908
1497.345,1.430752917,0.935252569,0.540364955,0.258479038,1.075457998,0.648106127,0.321795991,0.125734853,0.633775475,0.346551871,0.171957526,0.040157186
1496.85,1.261227366,0.818598629,0.469500399,0.222506747,0.935123113,0.560363288,0.27605307,0.106851137,0.541266002,0.294849817,0.145588327,0.033558604
1496.355,1.077450264,0.70078611,0.402106281,0.190003594,0.786468852,0.473138255,0.233072664,0.089942489,0.445980389,0.244464246,0.121120585,0.02772386
1495.87,1.081610848,0.6938001,0.393681294,0.183812378,0.774830888,0.460898228,0.224445843,0.085594993,0.428530752,0.233032284,0.114644519,0.025817135
1495.39,1.184897284,0.741384391,0.412100544,0.188675981,0.835213347,0.485627879,0.231550389,0.086589102,0.451862527,0.24085292,0.116470147,0.02560931
1494.905,1.266503428,0.772029065,0.419748741,0.188158364,0.880260162,0.499459536,0.232790334,0.085219164,0.467070626,0.243486293,0.115479146,0.024754897
1494.425,1.270159381,0.762565303,0.408887026,0.180686634,0.872497408,0.488154261,0.224219938,0.080893258,0.455487836,0.234503039,0.109893982,0.023128809
1493.95,1.14632562,0.686190841,0.366500967,0.160990941,0.779039012,0.435049957,0.198916215,0.071318176,0.400739849,0.206220427,0.09642576,0.020098891
1493.465,1.033690662,0.618277015,0.329839038,0.144389229,0.694317566,0.387916677,0.177040869,0.06324344,0.351484789,0.181250278,0.084812318,0.017550668
1492.99,0.921847381,0.546509011,0.289584053,0.125815211,0.612415933,0.339590298,0.153869292,0.05455018,0.305405854,0.156578685,0.072922767,0.014930699
1492.515,0.809837228,0.469590297,0.244465013,0.104492824,0.531545739,0.288713719,0.128461692,0.044803894,0.260753513,0.131198132,0.060167604,0.01208001
1492.035,0.784469328,0.44803947,0.230208204,0.097108909,0.508176093,0.27224606,0.119469793,0.041115374,0.244855409,0.121730996,0.055217051,0.010897335
1491.555,0.747732064,0.423946719,0.216059272,0.090209833,0.478560015,0.254846132,0.110851245,0.037755349,0.226791113,0.112263078,0.050610223,0.009850177
1491.065,0.702124062,0.392860265,0.197737885,0.081471775,0.443780483,0.233546117,0.100256557,0.033691533,0.20671197,0.101300236,0.045194634,0.008646684
1490.575,0.674387168,0.372709305,0.185684346,0.075717443,0.421223411,0.219226747,0.093079224,0.03095119,0.193012544,0.09368872,0.041447281,0.007817676
1490.09,0.640341605,0.349482715,0.172203812,0.069437282,0.395323696,0.203436847,0.085364169,0.028064223,0.178245134,0.0856819,0.037556126,0.006978312
1489.615,0.592595682,0.32062057,0.156609885,0.062497032,0.361938029,0.184839764,0.076826213,0.024990621,0.160786875,0.076799851,0.033418944,0.006122678
1489.155,0.519965214,0.281644414,0.137570792,0.054717726,0.314234422,0.160839448,0.066799185,0.021651936,0.137576575,0.065946032,0.028736392,0.005228134
1488.7,0.479575706,0.258287479,0.125544337,0.049599193,0.286472661,0.146001636,0.06029861,0.019411068,0.123431236,0.059007978,0.025634027,0.004615456
1488.235,0.459028981,0.243643955,0.117169725,0.045742873,0.271179042,0.136396112,0.055695755,0.017714321,0.115072494,0.054375211,0.023410492,0.004150183
1487.765,0.425818022,0.22241258,0.105666645,0.040800805,0.248864111,0.123343478,0.049724492,0.015639269,0.104050933,0.048518591,0.020671101,0.003611373
1486.63,0.360165071,0.183454723,0.085114156,0.032090151,0.205260202,0.099493691,0.039084292,0.011995001,0.082957119,0.037918215,0.015819276,0.002672781
1484.795,0.238840348,0.120264819,0.055086265,0.020348199,0.131906373,0.063535541,0.02458892,0.007386009,0.051218018,0.023330266,0.009647759,0.001576163
1482.18,0.107293329,0.052843996,0.023771423,0.008566624,0.056836401,0.027227828,0.010371053,0.003040981,0.021279705,0.009698839,0.003982851,0.000627371
1479.07,0.049328142,0.022436178,0.009080964,0.002878076,0.021439159,0.008452328,0.002653772,0.000660693,0.004666042,0.001659891,0.000566207,7.73E-05
1474.82,0.023541261,0.010304328,0.004079698,0.00128735,0.010255661,0.004330637,0.001451018,0.000374292,0.003062827,0.001245735,0.000445079,5.64E-05
1470.37,0.007427274,0.003047353,0.001149146,0.000353235,0.003146853,0.001292766,0.000412665,0.000107215,0.000853261,0.000332504,0.000110047,1.31E-05
1465.45,0.002045919,0.000817868,0.000302105,8.51E-05,0.000736978,0.000273819,7.92E-05,1.83E-05,0.000138119,4.89E-05,1.50E-05,1.58E-06
1459.32,0.000459117,0.000176963,6.36E-05,1.71E-05,0.000161056,5.35E-05,1.35E-05,2.72E-06,2.13E-05,6.59E-06,1.77E-06,1.56E-07
1454.85,8.31E-05,3.08E-05,1.01E-05,2.32E-06,2.15E-05,5.80E-06,1.19E-06,1.78E-07,1.21E-06,2.57E-07,4.43E-08,1.29E-09
1451.645,3.97E-05,1.54E-05,5.55E-06,1.47E-06,1.31E-05,4.35E-06,1.09E-06,2.14E-07,1.55E-06,4.86E-07,1.30E-07,1.11E-08
1447.525,3.35E-05,1.22E-05,4.00E-06,9.16E-07,8.66E-06,2.39E-06,4.99E-07,7.95E-08,5.58E-07,1.38E-07,2.91E-08,1.72E-09
1442.09,5.41E-06,1.91E-06,6.02E-07,1.31E-07,1.31E-06,3.45E-07,6.85E-08,1.03E-08,7.01E-08,1.57E-08,3.01E-09,1.56E-10
1437.985,9.58E-07,3.28E-07,9.99E-08,2.04E-08,1.99E-07,5.01E-08,9.21E-09,1.26E-09,6.73E-09,1.06E-09,1.28E-10,2.17E-12
1431.43,3.68E-07,1.26E-07,3.84E-08,7.99E-09,8.17E-08,2.08E-08,3.93E-09,5.38E-10,3.21E-09,6.20E-10,1.03E-10,4.66E-12
1424.845,4.88E-08,1.63E-08,4.85E-09,9.79E-10,1.03E-08,2.57E-09,4.69E-10,6.19E-11,3.15E-10,5.63E-11,8.98E-12,3.87E-13
1419.31,5.08E-09,1.65E-09,4.81E-10,8.82E-11,8.31E-10,1.89E-10,3.13E-11,3.68E-12,1.35E-11,2.09E-12,3.06E-13,1.19E-14
1415.725,1.24E-09,3.99E-10,1.14E-10,2.05E-11,1.97E-10,4.41E-11,7.12E-12,8.12E-13,3.10E-12,4.68E-13,6.69E-14,2.62E-15
1411.91,5.93E-10,1.87E-10,5.27E-11,9.25E-12,9.29E-11,2.05E-11,3.25E-12,3.65E-13,1.41E-12,2.10E-13,3.00E-14,1.14E-15
1406.145,5.77E-11,1.79E-11,4.96E-12,8.50E-13,8.03E-12,1.64E-12,2.40E-13,2.46E-14,8.00E-14,1.10E-14,1.50E-15,5.29E-17
1400.64,5.82E-12,1.76E-12,4.67E-13,7.29E-14,5.95E-13,1.07E-13,1.35E-14,1.14E-15,2.47E-15,2.71E-16,3.23E-17,8.03E-19
1396.58,1.32E-12,3.95E-13,1.04E-13,1.58E-14,1.13E-13,1.93E-14,2.32E-15,1.88E-16,3.43E-16,3.79E-17,4.68E-18,1.21E-19
1393.59,3.10E-13,9.22E-14,2.41E-14,3.57E-15,2.48E-14,4.15E-15,4.82E-16,3.78E-17,6.38E-17,7.11E-18,8.52E-19,2.02E-20
1391.79,1.37E-13,4.03E-14,1.04E-14,1.50E-15,1.03E-14,1.63E-15,1.80E-16,1.31E-17,1.85E-17,2.02E-18,2.32E-19,4.88E-21
